IS431mec	GCF_900086615.2_NZ_LT571449.1_dnaA0_rlmHplus1Mbp	100.000	790	0	0	1	790	100985	100196	0.0	1459
IS431mec	GCF_900086615.2_NZ_LT571449.1_dnaA0_rlmHplus1Mbp	98.987	790	8	0	1	790	80349	81138	0.0	1415
IS431mec	GCF_900086615.2_NZ_LT571449.1_dnaA0_rlmHplus1Mbp	97.081	788	22	1	3	790	343721	344507	0.0	1327
IS431mec	GCF_900086615.2_NZ_LT571449.1_dnaA0_rlmHplus1Mbp	94.937	790	37	3	3	790	74069	73281	0.0	1234
IS431mec	GCF_047305325.1_NZ_CP178726.1_dnaA0_rlmHplus1Mbp	100.000	790	0	0	1	790	76769	75980	0.0	1459
IS431mec	GCF_047305325.1_NZ_CP178726.1_dnaA0_rlmHplus1Mbp	100.000	790	0	0	1	790	81672	80883	0.0	1459
IS431mec	GCF_047305325.1_NZ_CP178726.1_dnaA0_rlmHplus1Mbp	94.937	790	37	3	3	790	34406	33618	0.0	1234
IS431mec	GCF_047305315.1_NZ_CP178723.1_dnaA0_rlmHplus1Mbp	100.000	790	0	0	1	790	35150	34361	0.0	1459
IS431mec	GCF_047305315.1_NZ_CP178723.1_dnaA0_rlmHplus1Mbp	100.000	790	0	0	1	790	40496	39707	0.0	1459
IS431mec	GCF_045946425.1_NZ_CP064563.1_dnaA0_rlmHplus1Mbp	100.000	790	0	0	1	790	36482	35693	0.0	1459
IS431mec	GCF_045945235.1_NZ_CP064644.1_dnaA0_rlmHplus1Mbp	100.000	790	0	0	1	790	76810	76021	0.0	1459
IS431mec	GCF_045945235.1_NZ_CP064644.1_dnaA0_rlmHplus1Mbp	99.241	790	5	1	1	790	70407	71195	0.0	1424
IS431mec	GCF_045944145.1_NZ_CP064640.1_dnaA0_rlmHplus1Mbp	100.000	790	0	0	1	790	39945	40734	0.0	1459
IS431mec	GCF_045944145.1_NZ_CP064640.1_dnaA0_rlmHplus1Mbp	100.000	790	0	0	1	790	45296	46085	0.0	1459
IS431mec	GCF_045944145.1_NZ_CP064640.1_dnaA0_rlmHplus1Mbp	99.873	790	1	0	1	790	35160	34371	0.0	1454
IS431mec	GCF_045944115.1_NZ_CP064637.1_dnaA0_rlmHplus1Mbp	100.000	790	0	0	1	790	88651	87862	0.0	1459
IS431mec	GCF_045944115.1_NZ_CP064637.1_dnaA0_rlmHplus1Mbp	100.000	790	0	0	1	790	94105	94894	0.0	1459
IS431mec	GCF_045944115.1_NZ_CP064637.1_dnaA0_rlmHplus1Mbp	97.089	790	22	1	1	790	338923	339711	0.0	1330
IS431mec	GCF_045943905.1_NZ_CP064633.1_dnaA0_rlmHplus1Mbp	100.000	790	0	0	1	790	35160	34371	0.0	1459
IS431mec	GCF_045943905.1_NZ_CP064633.1_dnaA0_rlmHplus1Mbp	100.000	790	0	0	1	790	39945	40734	0.0	1459
IS431mec	GCF_045943905.1_NZ_CP064633.1_dnaA0_rlmHplus1Mbp	100.000	790	0	0	1	790	45296	46085	0.0	1459
IS431mec	GCF_045942415.1_NZ_CP064631.1_dnaA0_rlmHplus1Mbp	100.000	790	0	0	1	790	88651	87862	0.0	1459
IS431mec	GCF_045942415.1_NZ_CP064631.1_dnaA0_rlmHplus1Mbp	100.000	790	0	0	1	790	94105	94894	0.0	1459
IS431mec	GCF_045942415.1_NZ_CP064631.1_dnaA0_rlmHplus1Mbp	97.089	790	22	1	1	790	337591	338379	0.0	1330
IS431mec	GCF_045942405.1_NZ_CP064626.1_dnaA0_rlmHplus1Mbp	100.000	790	0	0	1	790	35150	34361	0.0	1459
IS431mec	GCF_045942175.1_NZ_CP064624.1_dnaA0_rlmHplus1Mbp	100.000	790	0	0	1	790	88651	87862	0.0	1459
IS431mec	GCF_045942175.1_NZ_CP064624.1_dnaA0_rlmHplus1Mbp	100.000	790	0	0	1	790	94105	94894	0.0	1459
IS431mec	GCF_045942175.1_NZ_CP064624.1_dnaA0_rlmHplus1Mbp	97.089	790	22	1	1	790	338826	339614	0.0	1330
IS431mec	GCF_045941025.1_NZ_CP064622.1_dnaA0_rlmHplus1Mbp	100.000	790	0	0	1	790	55968	55179	0.0	1459
IS431mec	GCF_045941025.1_NZ_CP064622.1_dnaA0_rlmHplus1Mbp	99.241	790	5	1	1	790	49567	50355	0.0	1424
IS431mec	GCF_045940975.1_NZ_CP064619.1_dnaA0_rlmHplus1Mbp	100.000	790	0	0	1	790	88651	87862	0.0	1459
IS431mec	GCF_045940975.1_NZ_CP064619.1_dnaA0_rlmHplus1Mbp	100.000	790	0	0	1	790	94105	94894	0.0	1459
IS431mec	GCF_045940975.1_NZ_CP064619.1_dnaA0_rlmHplus1Mbp	97.089	790	22	1	1	790	337591	338379	0.0	1330
IS431mec	GCF_045940705.1_NZ_CP064616.1_dnaA0_rlmHplus1Mbp	100.000	790	0	0	1	790	88651	87862	0.0	1459
IS431mec	GCF_045940705.1_NZ_CP064616.1_dnaA0_rlmHplus1Mbp	100.000	790	0	0	1	790	94105	94894	0.0	1459
IS431mec	GCF_045940705.1_NZ_CP064616.1_dnaA0_rlmHplus1Mbp	97.089	790	22	1	1	790	337591	338379	0.0	1330
IS431mec	GCF_045940075.1_NZ_CP064609.1_dnaA0_rlmHplus1Mbp	100.000	790	0	0	1	790	87030	86241	0.0	1459
IS431mec	GCF_045940075.1_NZ_CP064609.1_dnaA0_rlmHplus1Mbp	97.089	790	22	1	1	790	332590	333378	0.0	1330
IS431mec	GCF_045940065.1_NZ_CP064613.1_dnaA0_rlmHplus1Mbp	100.000	790	0	0	1	790	88651	87862	0.0	1459
IS431mec	GCF_045940065.1_NZ_CP064613.1_dnaA0_rlmHplus1Mbp	100.000	790	0	0	1	790	94105	94894	0.0	1459
IS431mec	GCF_045940065.1_NZ_CP064613.1_dnaA0_rlmHplus1Mbp	97.089	790	22	1	1	790	338826	339614	0.0	1330
IS431mec	GCF_045939955.1_NZ_CP064606.1_dnaA0_rlmHplus1Mbp	100.000	790	0	0	1	790	88651	87862	0.0	1459
IS431mec	GCF_045939955.1_NZ_CP064606.1_dnaA0_rlmHplus1Mbp	100.000	790	0	0	1	790	94105	94894	0.0	1459
IS431mec	GCF_045939955.1_NZ_CP064606.1_dnaA0_rlmHplus1Mbp	97.089	790	22	1	1	790	337591	338379	0.0	1330
IS431mec	GCF_045939605.1_NZ_CP064603.1_dnaA0_rlmHplus1Mbp	100.000	790	0	0	1	790	88651	87862	0.0	1459
IS431mec	GCF_045939605.1_NZ_CP064603.1_dnaA0_rlmHplus1Mbp	100.000	790	0	0	1	790	94105	94894	0.0	1459
IS431mec	GCF_045939605.1_NZ_CP064603.1_dnaA0_rlmHplus1Mbp	97.089	790	22	1	1	790	340062	340850	0.0	1330
IS431mec	GCF_045939555.1_NZ_CP064599.1_dnaA0_rlmHplus1Mbp	100.000	790	0	0	1	790	87030	86241	0.0	1459
IS431mec	GCF_045939555.1_NZ_CP064599.1_dnaA0_rlmHplus1Mbp	97.089	790	22	1	1	790	332590	333378	0.0	1330
IS431mec	GCF_045939485.1_NZ_CP064593.1_dnaA0_rlmHplus1Mbp	100.000	790	0	0	1	790	45296	46085	0.0	1459
IS431mec	GCF_045939485.1_NZ_CP064593.1_dnaA0_rlmHplus1Mbp	99.873	790	1	0	1	790	35160	34371	0.0	1454
IS431mec	GCF_045939485.1_NZ_CP064593.1_dnaA0_rlmHplus1Mbp	99.873	790	1	0	1	790	39945	40734	0.0	1454
IS431mec	GCF_045938875.1_NZ_CP064587.1_dnaA0_rlmHplus1Mbp	100.000	790	0	0	1	790	35168	34379	0.0	1459
IS431mec	GCF_045938875.1_NZ_CP064587.1_dnaA0_rlmHplus1Mbp	94.937	790	37	3	3	790	58712	57924	0.0	1234
IS431mec	GCF_045938865.1_NZ_CP064590.1_dnaA0_rlmHplus1Mbp	100.000	790	0	0	1	790	88651	87862	0.0	1459
IS431mec	GCF_045938865.1_NZ_CP064590.1_dnaA0_rlmHplus1Mbp	100.000	790	0	0	1	790	94105	94894	0.0	1459
IS431mec	GCF_045938865.1_NZ_CP064590.1_dnaA0_rlmHplus1Mbp	97.089	790	22	1	1	790	337591	338379	0.0	1330
IS431mec	GCF_045937765.1_NZ_CP064574.1_dnaA0_rlmHplus1Mbp	100.000	790	0	0	1	790	75495	74706	0.0	1459
IS431mec	GCF_045937765.1_NZ_CP064574.1_dnaA0_rlmHplus1Mbp	100.000	790	0	0	1	790	80844	80055	0.0	1459
IS431mec	GCF_045937765.1_NZ_CP064574.1_dnaA0_rlmHplus1Mbp	99.367	790	5	0	1	790	143578	142789	0.0	1432
IS431mec	GCF_045937765.1_NZ_CP064574.1_dnaA0_rlmHplus1Mbp	99.241	790	6	0	1	790	152015	151226	0.0	1426
IS431mec	GCF_045937765.1_NZ_CP064574.1_dnaA0_rlmHplus1Mbp	94.937	790	37	3	3	790	34407	33619	0.0	1234
IS431mec	GCF_045937765.1_NZ_CP064574.1_dnaA0_rlmHplus1Mbp	96.854	731	23	0	1	731	115993	116723	0.0	1223
IS431mec	GCF_045937755.1_NZ_CP064650.1_dnaA0_rlmHplus1Mbp	100.000	790	0	0	1	790	60075	59286	0.0	1459
IS431mec	GCF_045937755.1_NZ_CP064650.1_dnaA0_rlmHplus1Mbp	100.000	790	0	0	1	790	65421	64632	0.0	1459
IS431mec	GCF_045937755.1_NZ_CP064650.1_dnaA0_rlmHplus1Mbp	98.987	790	8	0	1	790	96194	96983	0.0	1415
IS431mec	GCF_045937755.1_NZ_CP064650.1_dnaA0_rlmHplus1Mbp	94.937	790	37	3	3	790	89914	89126	0.0	1234
IS431mec	GCF_045937745.1_NZ_CP064572.1_dnaA0_rlmHplus1Mbp	100.000	790	0	0	1	790	88651	87862	0.0	1459
IS431mec	GCF_045937745.1_NZ_CP064572.1_dnaA0_rlmHplus1Mbp	100.000	790	0	0	1	790	94105	94894	0.0	1459
IS431mec	GCF_045937745.1_NZ_CP064572.1_dnaA0_rlmHplus1Mbp	97.089	790	22	1	1	790	337592	338380	0.0	1330
IS431mec	GCF_045936875.1_NZ_CP064568.1_dnaA0_rlmHplus1Mbp	100.000	790	0	0	1	790	35160	34371	0.0	1459
IS431mec	GCF_045936875.1_NZ_CP064568.1_dnaA0_rlmHplus1Mbp	99.873	790	1	0	1	790	40506	39717	0.0	1454
IS431mec	GCF_045936865.1_NZ_CP064560.1_dnaA0_rlmHplus1Mbp	100.000	790	0	0	1	790	35168	34379	0.0	1459
IS431mec	GCF_045936865.1_NZ_CP064560.1_dnaA0_rlmHplus1Mbp	94.937	790	37	3	3	790	58657	57869	0.0	1234
IS431mec	GCF_045936855.1_NZ_CP064557.1_dnaA0_rlmHplus1Mbp	100.000	790	0	0	1	790	88651	87862	0.0	1459
IS431mec	GCF_045936855.1_NZ_CP064557.1_dnaA0_rlmHplus1Mbp	100.000	790	0	0	1	790	94105	94894	0.0	1459
IS431mec	GCF_045936855.1_NZ_CP064557.1_dnaA0_rlmHplus1Mbp	97.089	790	22	1	1	790	338826	339614	0.0	1330
IS431mec	GCF_045935665.1_NZ_CP064554.1_dnaA0_rlmHplus1Mbp	100.000	790	0	0	1	790	35168	34379	0.0	1459
IS431mec	GCF_045935665.1_NZ_CP064554.1_dnaA0_rlmHplus1Mbp	94.937	790	37	3	3	790	58712	57924	0.0	1234
IS431mec	GCF_045935655.1_NZ_CP064549.1_dnaA0_rlmHplus1Mbp	100.000	790	0	0	1	790	35150	34361	0.0	1459
IS431mec	GCF_045935645.1_NZ_CP064545.1_dnaA0_rlmHplus1Mbp	100.000	790	0	0	1	790	88652	87863	0.0	1459
IS431mec	GCF_045935645.1_NZ_CP064545.1_dnaA0_rlmHplus1Mbp	97.089	790	22	1	1	790	331330	332118	0.0	1330
IS431mec	GCF_045934295.1_NZ_CP064543.1_dnaA0_rlmHplus1Mbp	100.000	790	0	0	1	790	37525	36736	0.0	1459
IS431mec	GCF_045934295.1_NZ_CP064543.1_dnaA0_rlmHplus1Mbp	99.367	790	5	0	1	790	105004	104215	0.0	1432
IS431mec	GCF_045934295.1_NZ_CP064543.1_dnaA0_rlmHplus1Mbp	99.241	790	6	0	1	790	113346	112557	0.0	1426
IS431mec	GCF_045934295.1_NZ_CP064543.1_dnaA0_rlmHplus1Mbp	98.861	790	8	1	1	790	97399	98187	0.0	1408
IS431mec	GCF_045934295.1_NZ_CP064543.1_dnaA0_rlmHplus1Mbp	98.734	790	9	1	1	790	140440	141228	0.0	1402
IS431mec	GCF_045934295.1_NZ_CP064543.1_dnaA0_rlmHplus1Mbp	98.101	790	14	1	1	790	66484	67272	0.0	1375
IS431mec	GCF_045934295.1_NZ_CP064543.1_dnaA0_rlmHplus1Mbp	97.970	788	15	1	3	790	74491	73705	0.0	1365
IS431mec	GCF_045934295.1_NZ_CP064543.1_dnaA0_rlmHplus1Mbp	96.717	792	23	3	1	790	436501	437291	0.0	1315
IS431mec	GCF_045934295.1_NZ_CP064543.1_dnaA0_rlmHplus1Mbp	86.094	791	99	5	1	790	33166	32386	0.0	841
IS431mec	GCF_045934285.1_NZ_CP064540.1_dnaA0_rlmHplus1Mbp	100.000	790	0	0	1	790	56119	55330	0.0	1459
IS431mec	GCF_045934275.1_NZ_CP064536.1_dnaA0_rlmHplus1Mbp	100.000	790	0	0	1	790	35069	34280	0.0	1459
IS431mec	GCF_045934275.1_NZ_CP064536.1_dnaA0_rlmHplus1Mbp	94.937	790	37	3	3	790	59406	58618	0.0	1234
IS431mec	GCF_045934275.1_NZ_CP064536.1_dnaA0_rlmHplus1Mbp	92.174	230	16	2	562	790	129396	129624	3.66e-87	324
IS431mec	GCF_045933235.1_NZ_CP064528.1_dnaA0_rlmHplus1Mbp	100.000	790	0	0	1	790	35069	34280	0.0	1459
IS431mec	GCF_045933235.1_NZ_CP064528.1_dnaA0_rlmHplus1Mbp	94.937	790	37	3	3	790	59406	58618	0.0	1234
IS431mec	GCF_045933235.1_NZ_CP064528.1_dnaA0_rlmHplus1Mbp	92.174	230	16	2	562	790	129396	129624	3.66e-87	324
IS431mec	GCF_045933105.1_NZ_CP064525.1_dnaA0_rlmHplus1Mbp	100.000	790	0	0	1	790	88651	87862	0.0	1459
IS431mec	GCF_045933105.1_NZ_CP064525.1_dnaA0_rlmHplus1Mbp	100.000	790	0	0	1	790	94105	94894	0.0	1459
IS431mec	GCF_045933105.1_NZ_CP064525.1_dnaA0_rlmHplus1Mbp	97.089	790	22	1	1	790	338827	339615	0.0	1330
IS431mec	GCF_045931855.1_NZ_CP064521.1_dnaA0_rlmHplus1Mbp	100.000	790	0	0	1	790	35160	34371	0.0	1459
IS431mec	GCF_045931855.1_NZ_CP064521.1_dnaA0_rlmHplus1Mbp	100.000	790	0	0	1	790	39945	40734	0.0	1459
IS431mec	GCF_045931855.1_NZ_CP064521.1_dnaA0_rlmHplus1Mbp	99.873	790	1	0	1	790	45296	46085	0.0	1454
IS431mec	GCF_045931845.1_NZ_CP064519.1_dnaA0_rlmHplus1Mbp	100.000	790	0	0	1	790	53633	52844	0.0	1459
IS431mec	GCF_045931835.1_NZ_CP064516.1_dnaA0_rlmHplus1Mbp	100.000	790	0	0	1	790	35168	34379	0.0	1459
IS431mec	GCF_045931835.1_NZ_CP064516.1_dnaA0_rlmHplus1Mbp	94.937	790	37	3	3	790	58712	57924	0.0	1234
IS431mec	GCF_045930675.1_NZ_CP064508.1_dnaA0_rlmHplus1Mbp	100.000	790	0	0	1	790	35168	34379	0.0	1459
IS431mec	GCF_045930675.1_NZ_CP064508.1_dnaA0_rlmHplus1Mbp	94.937	790	37	3	3	790	58712	57924	0.0	1234
IS431mec	GCF_045930665.1_NZ_CP064504.1_dnaA0_rlmHplus1Mbp	100.000	790	0	0	1	790	35150	34361	0.0	1459
IS431mec	GCF_045929855.1_NZ_CP064499.1_dnaA0_rlmHplus1Mbp	100.000	790	0	0	1	790	35168	34379	0.0	1459
IS431mec	GCF_045929855.1_NZ_CP064499.1_dnaA0_rlmHplus1Mbp	94.937	790	37	3	3	790	58712	57924	0.0	1234
IS431mec	GCF_045929835.1_NZ_CP064489.1_dnaA0_rlmHplus1Mbp	100.000	790	0	0	1	790	35160	34371	0.0	1459
IS431mec	GCF_045929835.1_NZ_CP064489.1_dnaA0_rlmHplus1Mbp	100.000	790	0	0	1	790	39945	40734	0.0	1459
IS431mec	GCF_045929835.1_NZ_CP064489.1_dnaA0_rlmHplus1Mbp	100.000	790	0	0	1	790	45296	46085	0.0	1459
IS431mec	GCF_045928525.1_NZ_CP064480.1_dnaA0_rlmHplus1Mbp	100.000	790	0	0	1	790	35168	34379	0.0	1459
IS431mec	GCF_045928525.1_NZ_CP064480.1_dnaA0_rlmHplus1Mbp	94.937	790	37	3	3	790	58712	57924	0.0	1234
IS431mec	GCF_045928515.1_NZ_CP064476.1_dnaA0_rlmHplus1Mbp	100.000	790	0	0	1	790	35168	34379	0.0	1459
IS431mec	GCF_045928515.1_NZ_CP064476.1_dnaA0_rlmHplus1Mbp	94.937	790	37	3	3	790	58712	57924	0.0	1234
IS431mec	GCF_045928505.1_NZ_CP064473.1_dnaA0_rlmHplus1Mbp	100.000	790	0	0	1	790	76827	76038	0.0	1459
IS431mec	GCF_045928505.1_NZ_CP064473.1_dnaA0_rlmHplus1Mbp	100.000	790	0	0	1	790	82173	81384	0.0	1459
IS431mec	GCF_045928505.1_NZ_CP064473.1_dnaA0_rlmHplus1Mbp	99.367	790	5	0	1	790	121863	121074	0.0	1432
IS431mec	GCF_045928505.1_NZ_CP064473.1_dnaA0_rlmHplus1Mbp	99.241	790	6	0	1	790	130353	129564	0.0	1426
IS431mec	GCF_045928505.1_NZ_CP064473.1_dnaA0_rlmHplus1Mbp	94.937	790	37	3	3	790	34407	33619	0.0	1234
IS431mec	GCF_045928505.1_NZ_CP064473.1_dnaA0_rlmHplus1Mbp	96.854	731	23	0	1	731	117323	118053	0.0	1223
IS431mec	GCF_045927375.1_NZ_CP064471.1_dnaA0_rlmHplus1Mbp	100.000	790	0	0	1	790	35069	34280	0.0	1459
IS431mec	GCF_045927375.1_NZ_CP064471.1_dnaA0_rlmHplus1Mbp	94.937	790	37	3	3	790	59406	58618	0.0	1234
IS431mec	GCF_045927375.1_NZ_CP064471.1_dnaA0_rlmHplus1Mbp	92.174	230	16	2	562	790	129396	129624	3.66e-87	324
IS431mec	GCF_045927365.1_NZ_CP064646.1_dnaA0_rlmHplus1Mbp	100.000	790	0	0	1	790	55970	55181	0.0	1459
IS431mec	GCF_045927365.1_NZ_CP064646.1_dnaA0_rlmHplus1Mbp	100.000	790	0	0	1	790	157223	158012	0.0	1459
IS431mec	GCF_045927365.1_NZ_CP064646.1_dnaA0_rlmHplus1Mbp	99.241	790	5	1	1	790	49567	50355	0.0	1424
IS431mec	GCF_045926625.1_NZ_CP064461.1_dnaA0_rlmHplus1Mbp	100.000	790	0	0	1	790	60075	59286	0.0	1459
IS431mec	GCF_045926625.1_NZ_CP064461.1_dnaA0_rlmHplus1Mbp	100.000	790	0	0	1	790	65421	64632	0.0	1459
IS431mec	GCF_045926625.1_NZ_CP064461.1_dnaA0_rlmHplus1Mbp	98.987	790	8	0	1	790	96194	96983	0.0	1415
IS431mec	GCF_045926625.1_NZ_CP064461.1_dnaA0_rlmHplus1Mbp	94.937	790	37	3	3	790	89914	89126	0.0	1234
IS431mec	GCF_045926615.1_NZ_CP064456.1_dnaA0_rlmHplus1Mbp	100.000	790	0	0	1	790	76809	76020	0.0	1459
IS431mec	GCF_045926615.1_NZ_CP064456.1_dnaA0_rlmHplus1Mbp	99.241	790	5	1	1	790	70406	71194	0.0	1424
IS431mec	GCF_045926605.1_NZ_CP064453.1_dnaA0_rlmHplus1Mbp	100.000	790	0	0	1	790	35160	34371	0.0	1459
IS431mec	GCF_045926605.1_NZ_CP064453.1_dnaA0_rlmHplus1Mbp	99.747	790	2	0	1	790	40506	39717	0.0	1448
IS431mec	GCF_045786335.1_NZ_CP064467.1_dnaA0_rlmHplus1Mbp	100.000	790	0	0	1	790	88653	87864	0.0	1459
IS431mec	GCF_045786335.1_NZ_CP064467.1_dnaA0_rlmHplus1Mbp	97.089	790	22	1	1	790	331385	332173	0.0	1330
IS431mec	GCF_045786305.1_NZ_CP064485.1_dnaA0_rlmHplus1Mbp	100.000	790	0	0	1	790	75493	74704	0.0	1459
IS431mec	GCF_045786305.1_NZ_CP064485.1_dnaA0_rlmHplus1Mbp	100.000	790	0	0	1	790	80842	80053	0.0	1459
IS431mec	GCF_045786305.1_NZ_CP064485.1_dnaA0_rlmHplus1Mbp	99.367	790	5	0	1	790	123059	122270	0.0	1432
IS431mec	GCF_045786305.1_NZ_CP064485.1_dnaA0_rlmHplus1Mbp	99.241	790	6	0	1	790	131549	130760	0.0	1426
IS431mec	GCF_045786305.1_NZ_CP064485.1_dnaA0_rlmHplus1Mbp	94.937	790	37	3	3	790	34406	33618	0.0	1234
IS431mec	GCF_045786305.1_NZ_CP064485.1_dnaA0_rlmHplus1Mbp	96.854	731	23	0	1	731	115950	116680	0.0	1223
IS431mec	GCF_042464765.1_NZ_CP170249.1_dnaA0_rlmHplus1Mbp	100.000	790	0	0	1	790	35139	34350	0.0	1459
IS431mec	GCF_042464735.1_NZ_CP170246.1_dnaA0_rlmHplus1Mbp	100.000	790	0	0	1	790	56621	55832	0.0	1459
IS431mec	GCF_042464735.1_NZ_CP170246.1_dnaA0_rlmHplus1Mbp	93.043	230	14	2	562	790	168346	168574	1.69e-90	335
IS431mec	GCF_036419775.1_NZ_CP134839.1_dnaA0_rlmHplus1Mbp	100.000	790	0	0	1	790	35097	34308	0.0	1459
IS431mec	GCF_036419775.1_NZ_CP134839.1_dnaA0_rlmHplus1Mbp	99.873	790	1	0	1	790	145675	144886	0.0	1454
IS431mec	GCF_036419775.1_NZ_CP134839.1_dnaA0_rlmHplus1Mbp	92.609	230	15	2	562	790	115577	115805	7.86e-89	329
IS431mec	GCF_031326165.1_NZ_CP133663.1_dnaA0_rlmHplus1Mbp	100.000	790	0	0	1	790	35065	34276	0.0	1459
IS431mec	GCF_031326165.1_NZ_CP133663.1_dnaA0_rlmHplus1Mbp	100.000	790	0	0	1	790	39342	38553	0.0	1459
IS431mec	GCF_031326165.1_NZ_CP133663.1_dnaA0_rlmHplus1Mbp	99.620	790	3	0	1	790	102116	101327	0.0	1443
IS431mec	GCF_031326165.1_NZ_CP133663.1_dnaA0_rlmHplus1Mbp	99.620	790	3	0	1	790	110606	109817	0.0	1443
IS431mec	GCF_031326165.1_NZ_CP133663.1_dnaA0_rlmHplus1Mbp	96.854	731	23	0	1	731	74531	75261	0.0	1223
IS431mec	GCF_030013985.1_NZ_CP118814.1_dnaA0_rlmHplus1Mbp	100.000	790	0	0	1	790	50349	49560	0.0	1459
IS431mec	GCF_030013985.1_NZ_CP118814.1_dnaA0_rlmHplus1Mbp	99.241	790	6	0	1	790	73481	72692	0.0	1426
IS431mec	GCF_030013985.1_NZ_CP118814.1_dnaA0_rlmHplus1Mbp	98.734	790	9	1	1	790	100576	101364	0.0	1402
IS431mec	GCF_029691875.1_NZ_CP121497.1_dnaA0_rlmHplus1Mbp	100.000	790	0	0	1	790	40334	39545	0.0	1459
IS431mec	GCF_029691875.1_NZ_CP121497.1_dnaA0_rlmHplus1Mbp	97.468	790	19	1	1	790	274042	274830	0.0	1347
IS431mec	GCF_029691685.1_NZ_CP121507.1_dnaA0_rlmHplus1Mbp	100.000	790	0	0	1	790	34992	34203	0.0	1459
IS431mec	GCF_029691685.1_NZ_CP121507.1_dnaA0_rlmHplus1Mbp	98.861	790	7	2	1	790	380783	379996	0.0	1408
IS431mec	GCF_029691685.1_NZ_CP121507.1_dnaA0_rlmHplus1Mbp	97.092	791	12	2	1	787	76035	76818	0.0	1323
IS431mec	GCF_029691685.1_NZ_CP121507.1_dnaA0_rlmHplus1Mbp	98.305	118	1	1	674	790	86777	86660	1.38e-51	206
IS431mec	GCF_029457635.1_NZ_CP120426.1_dnaA0_rlmHplus1Mbp	100.000	790	0	0	1	790	33811	33022	0.0	1459
IS431mec	GCF_029457635.1_NZ_CP120426.1_dnaA0_rlmHplus1Mbp	100.000	790	0	0	1	790	113002	112213	0.0	1459
IS431mec	GCF_029457635.1_NZ_CP120426.1_dnaA0_rlmHplus1Mbp	98.987	790	8	0	1	790	108678	109467	0.0	1415
IS431mec	GCF_029457635.1_NZ_CP120426.1_dnaA0_rlmHplus1Mbp	97.092	791	12	2	1	787	73233	74016	0.0	1323
IS431mec	GCF_029457635.1_NZ_CP120426.1_dnaA0_rlmHplus1Mbp	94.937	790	37	3	3	790	101067	100279	0.0	1234
IS431mec	GCF_029457635.1_NZ_CP120426.1_dnaA0_rlmHplus1Mbp	98.305	118	1	1	674	790	83975	83858	1.38e-51	206
IS431mec	GCF_029457615.1_NZ_CP120425.1_dnaA0_rlmHplus1Mbp	100.000	790	0	0	1	790	33404	32615	0.0	1459
IS431mec	GCF_029457615.1_NZ_CP120425.1_dnaA0_rlmHplus1Mbp	100.000	790	0	0	1	790	341053	341842	0.0	1459
IS431mec	GCF_029457615.1_NZ_CP120425.1_dnaA0_rlmHplus1Mbp	99.367	790	5	0	1	790	279927	280716	0.0	1432
IS431mec	GCF_029457615.1_NZ_CP120425.1_dnaA0_rlmHplus1Mbp	99.241	790	6	0	1	790	271585	272374	0.0	1426
IS431mec	GCF_029457615.1_NZ_CP120425.1_dnaA0_rlmHplus1Mbp	98.861	790	8	1	1	790	287532	286744	0.0	1408
IS431mec	GCF_029457615.1_NZ_CP120425.1_dnaA0_rlmHplus1Mbp	98.101	790	14	1	1	790	318448	317660	0.0	1375
IS431mec	GCF_029457615.1_NZ_CP120425.1_dnaA0_rlmHplus1Mbp	97.970	788	15	1	3	790	310439	311225	0.0	1365
IS431mec	GCF_029457575.1_NZ_CP120423.1_dnaA0_rlmHplus1Mbp	100.000	790	0	0	1	790	33811	33022	0.0	1459
IS431mec	GCF_029457575.1_NZ_CP120423.1_dnaA0_rlmHplus1Mbp	100.000	790	0	0	1	790	126749	125960	0.0	1459
IS431mec	GCF_029457575.1_NZ_CP120423.1_dnaA0_rlmHplus1Mbp	98.987	790	8	0	1	790	122425	123214	0.0	1415
IS431mec	GCF_029457575.1_NZ_CP120423.1_dnaA0_rlmHplus1Mbp	97.092	791	12	2	1	787	73058	73841	0.0	1323
IS431mec	GCF_029457575.1_NZ_CP120423.1_dnaA0_rlmHplus1Mbp	94.937	790	37	3	3	790	114813	114025	0.0	1234
IS431mec	GCF_029457575.1_NZ_CP120423.1_dnaA0_rlmHplus1Mbp	98.305	118	1	1	674	790	83800	83683	1.38e-51	206
IS431mec	GCF_024204985.1_NZ_CP093212.1_dnaA0_rlmHplus1Mbp	100.000	790	0	0	1	790	35065	34276	0.0	1459
IS431mec	GCF_024204985.1_NZ_CP093212.1_dnaA0_rlmHplus1Mbp	100.000	790	0	0	1	790	41971	41182	0.0	1459
IS431mec	GCF_024204985.1_NZ_CP093212.1_dnaA0_rlmHplus1Mbp	99.367	790	5	0	1	790	116820	116031	0.0	1432
IS431mec	GCF_024204985.1_NZ_CP093212.1_dnaA0_rlmHplus1Mbp	99.241	790	6	0	1	790	989664	988875	0.0	1426
IS431mec	GCF_024204985.1_NZ_CP093212.1_dnaA0_rlmHplus1Mbp	99.241	790	5	1	1	790	982355	981567	0.0	1424
IS431mec	GCF_024204985.1_NZ_CP093212.1_dnaA0_rlmHplus1Mbp	96.854	731	23	0	1	731	77000	77730	0.0	1223
IS431mec	GCF_024204965.1_NZ_CP093210.1_dnaA0_rlmHplus1Mbp	100.000	790	0	0	1	790	55538	54749	0.0	1459
IS431mec	GCF_024204965.1_NZ_CP093210.1_dnaA0_rlmHplus1Mbp	97.089	790	22	1	1	790	322993	323781	0.0	1330
IS431mec	GCF_024204965.1_NZ_CP093210.1_dnaA0_rlmHplus1Mbp	97.092	791	12	2	1	787	96038	96821	0.0	1323
IS431mec	GCF_024204965.1_NZ_CP093210.1_dnaA0_rlmHplus1Mbp	97.538	731	18	0	1	731	36090	36820	0.0	1251
IS431mec	GCF_024204965.1_NZ_CP093210.1_dnaA0_rlmHplus1Mbp	98.305	118	1	1	674	790	106780	106663	1.38e-51	206
IS431mec	GCF_024204945.1_NZ_CP093208.1_dnaA0_rlmHplus1Mbp	100.000	790	0	0	1	790	44203	43414	0.0	1459
IS431mec	GCF_024204945.1_NZ_CP093208.1_dnaA0_rlmHplus1Mbp	99.241	790	5	1	1	790	42382	41594	0.0	1424
IS431mec	GCF_024204945.1_NZ_CP093208.1_dnaA0_rlmHplus1Mbp	98.228	790	14	0	1	790	90945	91734	0.0	1382
IS431mec	GCF_024204945.1_NZ_CP093208.1_dnaA0_rlmHplus1Mbp	96.962	790	23	1	1	790	33250	32462	0.0	1325
IS431mec	GCF_024204945.1_NZ_CP093208.1_dnaA0_rlmHplus1Mbp	96.717	792	23	3	1	790	38018	37228	0.0	1315
IS431mec	GCF_024204945.1_NZ_CP093208.1_dnaA0_rlmHplus1Mbp	96.717	792	23	3	1	790	40423	41213	0.0	1315
IS431mec	GCF_024204945.1_NZ_CP093208.1_dnaA0_rlmHplus1Mbp	88.131	792	90	4	1	790	33669	34458	0.0	939
IS431mec	GCF_024204925.1_NZ_CP093205.1_dnaA0_rlmHplus1Mbp	100.000	790	0	0	1	790	35153	34364	0.0	1459
IS431mec	GCF_024204925.1_NZ_CP093205.1_dnaA0_rlmHplus1Mbp	98.861	790	7	2	1	790	378972	378185	0.0	1408
IS431mec	GCF_024204925.1_NZ_CP093205.1_dnaA0_rlmHplus1Mbp	97.092	791	12	2	1	787	75193	75976	0.0	1323
IS431mec	GCF_024204925.1_NZ_CP093205.1_dnaA0_rlmHplus1Mbp	98.305	118	1	1	674	790	85935	85818	1.38e-51	206
IS431mec	GCF_024204905.1_NZ_CP093198.1_dnaA0_rlmHplus1Mbp	100.000	790	0	0	1	790	34904	34115	0.0	1459
IS431mec	GCF_024204905.1_NZ_CP093198.1_dnaA0_rlmHplus1Mbp	99.241	790	6	0	1	790	54444	53655	0.0	1426
IS431mec	GCF_024204905.1_NZ_CP093198.1_dnaA0_rlmHplus1Mbp	99.241	790	6	0	1	790	731176	731965	0.0	1426
IS431mec	GCF_024204905.1_NZ_CP093198.1_dnaA0_rlmHplus1Mbp	99.241	790	6	0	1	790	885400	884611	0.0	1426
IS431mec	GCF_024204905.1_NZ_CP093198.1_dnaA0_rlmHplus1Mbp	99.241	790	5	1	1	790	878091	877303	0.0	1424
IS431mec	GCF_024204885.1_NZ_CP093202.1_dnaA0_rlmHplus1Mbp	100.000	790	0	0	1	790	35165	34376	0.0	1459
IS431mec	GCF_024204885.1_NZ_CP093202.1_dnaA0_rlmHplus1Mbp	99.620	790	3	0	1	790	61784	60995	0.0	1443
IS431mec	GCF_024204885.1_NZ_CP093202.1_dnaA0_rlmHplus1Mbp	99.494	790	3	1	1	790	53294	52506	0.0	1435
IS431mec	GCF_024204865.1_NZ_CP093196.1_dnaA0_rlmHplus1Mbp	100.000	790	0	0	1	790	35065	34276	0.0	1459
IS431mec	GCF_024204865.1_NZ_CP093196.1_dnaA0_rlmHplus1Mbp	100.000	790	0	0	1	790	40411	39622	0.0	1459
IS431mec	GCF_024204865.1_NZ_CP093196.1_dnaA0_rlmHplus1Mbp	99.367	790	5	0	1	790	111434	110645	0.0	1432
IS431mec	GCF_024204865.1_NZ_CP093196.1_dnaA0_rlmHplus1Mbp	99.241	790	6	0	1	790	119924	119135	0.0	1426
IS431mec	GCF_024204865.1_NZ_CP093196.1_dnaA0_rlmHplus1Mbp	96.854	731	23	0	1	731	77137	77867	0.0	1223
IS431mec	GCF_024204845.1_NZ_CP093193.1_dnaA0_rlmHplus1Mbp	100.000	790	0	0	1	790	55434	54645	0.0	1459
IS431mec	GCF_024204845.1_NZ_CP093193.1_dnaA0_rlmHplus1Mbp	99.367	790	5	0	1	790	72839	72050	0.0	1432
IS431mec	GCF_024204845.1_NZ_CP093193.1_dnaA0_rlmHplus1Mbp	99.367	790	5	0	1	790	81329	80540	0.0	1432
IS431mec	GCF_024204845.1_NZ_CP093193.1_dnaA0_rlmHplus1Mbp	98.734	790	9	1	1	790	108423	109211	0.0	1402
IS431mec	GCF_024204805.1_NZ_CP093185.1_dnaA0_rlmHplus1Mbp	100.000	790	0	0	1	790	93284	92495	0.0	1459
IS431mec	GCF_024204805.1_NZ_CP093185.1_dnaA0_rlmHplus1Mbp	99.241	790	6	0	1	790	100851	100062	0.0	1426
IS431mec	GCF_024204805.1_NZ_CP093185.1_dnaA0_rlmHplus1Mbp	98.734	790	9	1	1	790	127945	128733	0.0	1402
IS431mec	GCF_024204805.1_NZ_CP093185.1_dnaA0_rlmHplus1Mbp	94.937	790	37	3	3	790	77049	76261	0.0	1234
IS431mec	GCF_024204785.1_NZ_CP093181.1_dnaA0_rlmHplus1Mbp	100.000	790	0	0	1	790	35065	34276	0.0	1459
IS431mec	GCF_024204785.1_NZ_CP093181.1_dnaA0_rlmHplus1Mbp	100.000	790	0	0	1	790	40443	39654	0.0	1459
IS431mec	GCF_024204785.1_NZ_CP093181.1_dnaA0_rlmHplus1Mbp	99.367	790	5	0	1	790	113967	113178	0.0	1432
IS431mec	GCF_024204785.1_NZ_CP093181.1_dnaA0_rlmHplus1Mbp	99.241	790	6	0	1	790	122457	121668	0.0	1426
IS431mec	GCF_024204785.1_NZ_CP093181.1_dnaA0_rlmHplus1Mbp	96.854	731	23	0	1	731	79670	80400	0.0	1223
IS431mec	GCF_024204765.1_NZ_CP093179.1_dnaA0_rlmHplus1Mbp	100.000	790	0	0	1	790	35065	34276	0.0	1459
IS431mec	GCF_024204765.1_NZ_CP093179.1_dnaA0_rlmHplus1Mbp	100.000	790	0	0	1	790	40411	39622	0.0	1459
IS431mec	GCF_024204765.1_NZ_CP093179.1_dnaA0_rlmHplus1Mbp	99.367	790	5	0	1	790	88731	89520	0.0	1432
IS431mec	GCF_024204765.1_NZ_CP093179.1_dnaA0_rlmHplus1Mbp	99.241	790	6	0	1	790	80241	81030	0.0	1426
IS431mec	GCF_024204765.1_NZ_CP093179.1_dnaA0_rlmHplus1Mbp	99.241	790	6	0	1	790	120303	119514	0.0	1426
IS431mec	GCF_024204765.1_NZ_CP093179.1_dnaA0_rlmHplus1Mbp	96.854	731	23	0	1	731	76771	77501	0.0	1223
IS431mec	GCF_024204745.1_NZ_CP093173.1_dnaA0_rlmHplus1Mbp	100.000	790	0	0	1	790	57340	56551	0.0	1459
IS431mec	GCF_024204745.1_NZ_CP093173.1_dnaA0_rlmHplus1Mbp	99.367	790	5	0	1	790	95798	95009	0.0	1432
IS431mec	GCF_024204745.1_NZ_CP093173.1_dnaA0_rlmHplus1Mbp	98.734	790	9	1	1	790	125883	126671	0.0	1402
IS431mec	GCF_024204705.1_NZ_CP093165.1_dnaA0_rlmHplus1Mbp	100.000	790	0	0	1	790	35153	34364	0.0	1459
IS431mec	GCF_024204705.1_NZ_CP093165.1_dnaA0_rlmHplus1Mbp	98.861	790	7	2	1	790	293996	293209	0.0	1408
IS431mec	GCF_023547125.1_NZ_CP097519.1_dnaA0_rlmHplus1Mbp	100.000	790	0	0	1	790	35165	34376	0.0	1459
IS431mec	GCF_023547105.1_NZ_CP097514.1_dnaA0_rlmHplus1Mbp	100.000	790	0	0	1	790	38634	37845	0.0	1459
IS431mec	GCF_023547105.1_NZ_CP097514.1_dnaA0_rlmHplus1Mbp	99.873	790	1	0	1	790	733086	733875	0.0	1454
IS431mec	GCF_023547105.1_NZ_CP097514.1_dnaA0_rlmHplus1Mbp	99.873	790	1	0	1	790	776373	777162	0.0	1454
IS431mec	GCF_023547105.1_NZ_CP097514.1_dnaA0_rlmHplus1Mbp	98.987	790	8	0	1	790	64520	65309	0.0	1415
IS431mec	GCF_023547105.1_NZ_CP097514.1_dnaA0_rlmHplus1Mbp	94.937	790	37	3	3	790	58240	57452	0.0	1234
IS431mec	GCF_023547085.1_NZ_CP097512.1_dnaA0_rlmHplus1Mbp	100.000	790	0	0	1	790	38634	37845	0.0	1459
IS431mec	GCF_023547085.1_NZ_CP097512.1_dnaA0_rlmHplus1Mbp	99.873	790	1	0	1	790	733087	733876	0.0	1454
IS431mec	GCF_023547085.1_NZ_CP097512.1_dnaA0_rlmHplus1Mbp	99.873	790	1	0	1	790	776375	777164	0.0	1454
IS431mec	GCF_023547085.1_NZ_CP097512.1_dnaA0_rlmHplus1Mbp	98.987	790	8	0	1	790	64520	65309	0.0	1415
IS431mec	GCF_023547085.1_NZ_CP097512.1_dnaA0_rlmHplus1Mbp	94.937	790	37	3	3	790	58240	57452	0.0	1234
IS431mec	GCF_020181395.1_NZ_CP084008.1_dnaA0_rlmHplus1Mbp	100.000	790	0	0	1	790	55974	55185	0.0	1459
IS431mec	GCF_020181395.1_NZ_CP084008.1_dnaA0_rlmHplus1Mbp	99.367	790	5	0	1	790	94324	93535	0.0	1432
IS431mec	GCF_020181395.1_NZ_CP084008.1_dnaA0_rlmHplus1Mbp	98.734	790	9	1	1	790	124408	125196	0.0	1402
IS431mec	GCF_019330205.1_NZ_CP073898.1_dnaA0_rlmHplus1Mbp	100.000	790	0	0	1	790	89210	88421	0.0	1459
IS431mec	GCF_019330205.1_NZ_CP073898.1_dnaA0_rlmHplus1Mbp	99.367	790	5	0	1	790	131428	130639	0.0	1432
IS431mec	GCF_019330205.1_NZ_CP073898.1_dnaA0_rlmHplus1Mbp	99.241	790	6	0	1	790	139918	139129	0.0	1426
IS431mec	GCF_019330205.1_NZ_CP073898.1_dnaA0_rlmHplus1Mbp	94.937	790	37	3	3	790	34406	33618	0.0	1234
IS431mec	GCF_019330205.1_NZ_CP073898.1_dnaA0_rlmHplus1Mbp	96.854	731	23	0	1	731	124319	125049	0.0	1223
IS431mec	GCF_019330185.1_NZ_CP073895.1_dnaA0_rlmHplus1Mbp	100.000	790	0	0	1	790	87854	87065	0.0	1459
IS431mec	GCF_019330185.1_NZ_CP073895.1_dnaA0_rlmHplus1Mbp	99.367	790	5	0	1	790	130072	129283	0.0	1432
IS431mec	GCF_019330185.1_NZ_CP073895.1_dnaA0_rlmHplus1Mbp	99.241	790	6	0	1	790	138562	137773	0.0	1426
IS431mec	GCF_019330185.1_NZ_CP073895.1_dnaA0_rlmHplus1Mbp	94.937	790	37	3	3	790	33050	32262	0.0	1234
IS431mec	GCF_019330185.1_NZ_CP073895.1_dnaA0_rlmHplus1Mbp	96.854	731	23	0	1	731	122963	123693	0.0	1223
IS431mec	GCF_019330165.1_NZ_CP073893.1_dnaA0_rlmHplus1Mbp	100.000	790	0	0	1	790	89210	88421	0.0	1459
IS431mec	GCF_019330165.1_NZ_CP073893.1_dnaA0_rlmHplus1Mbp	99.367	790	5	0	1	790	131428	130639	0.0	1432
IS431mec	GCF_019330165.1_NZ_CP073893.1_dnaA0_rlmHplus1Mbp	99.241	790	6	0	1	790	139918	139129	0.0	1426
IS431mec	GCF_019330165.1_NZ_CP073893.1_dnaA0_rlmHplus1Mbp	94.937	790	37	3	3	790	34406	33618	0.0	1234
IS431mec	GCF_019330165.1_NZ_CP073893.1_dnaA0_rlmHplus1Mbp	96.854	731	23	0	1	731	124319	125049	0.0	1223
IS431mec	GCF_019330105.1_NZ_CP073883.1_dnaA0_rlmHplus1Mbp	100.000	790	0	0	1	790	87853	87064	0.0	1459
IS431mec	GCF_019330105.1_NZ_CP073883.1_dnaA0_rlmHplus1Mbp	99.367	790	5	0	1	790	130071	129282	0.0	1432
IS431mec	GCF_019330105.1_NZ_CP073883.1_dnaA0_rlmHplus1Mbp	99.241	790	6	0	1	790	138561	137772	0.0	1426
IS431mec	GCF_019330105.1_NZ_CP073883.1_dnaA0_rlmHplus1Mbp	94.937	790	37	3	3	790	33049	32261	0.0	1234
IS431mec	GCF_019330105.1_NZ_CP073883.1_dnaA0_rlmHplus1Mbp	96.854	731	23	0	1	731	122962	123692	0.0	1223
IS431mec	GCF_019329785.1_NZ_CP073872.1_dnaA0_rlmHplus1Mbp	100.000	790	0	0	1	790	89210	88421	0.0	1459
IS431mec	GCF_019329785.1_NZ_CP073872.1_dnaA0_rlmHplus1Mbp	99.367	790	5	0	1	790	131428	130639	0.0	1432
IS431mec	GCF_019329785.1_NZ_CP073872.1_dnaA0_rlmHplus1Mbp	99.241	790	6	0	1	790	139918	139129	0.0	1426
IS431mec	GCF_019329785.1_NZ_CP073872.1_dnaA0_rlmHplus1Mbp	94.937	790	37	3	3	790	34406	33618	0.0	1234
IS431mec	GCF_019329785.1_NZ_CP073872.1_dnaA0_rlmHplus1Mbp	96.854	731	23	0	1	731	124319	125049	0.0	1223
IS431mec	GCF_019329765.1_NZ_CP073869.1_dnaA0_rlmHplus1Mbp	100.000	790	0	0	1	790	89210	88421	0.0	1459
IS431mec	GCF_019329765.1_NZ_CP073869.1_dnaA0_rlmHplus1Mbp	99.367	790	5	0	1	790	131428	130639	0.0	1432
IS431mec	GCF_019329765.1_NZ_CP073869.1_dnaA0_rlmHplus1Mbp	99.241	790	6	0	1	790	139918	139129	0.0	1426
IS431mec	GCF_019329765.1_NZ_CP073869.1_dnaA0_rlmHplus1Mbp	94.937	790	37	3	3	790	34406	33618	0.0	1234
IS431mec	GCF_019329765.1_NZ_CP073869.1_dnaA0_rlmHplus1Mbp	96.854	731	23	0	1	731	124319	125049	0.0	1223
IS431mec	GCF_019329745.1_NZ_CP073865.1_dnaA0_rlmHplus1Mbp	100.000	790	0	0	1	790	87854	87065	0.0	1459
IS431mec	GCF_019329745.1_NZ_CP073865.1_dnaA0_rlmHplus1Mbp	99.367	790	5	0	1	790	130072	129283	0.0	1432
IS431mec	GCF_019329745.1_NZ_CP073865.1_dnaA0_rlmHplus1Mbp	99.241	790	6	0	1	790	138562	137773	0.0	1426
IS431mec	GCF_019329745.1_NZ_CP073865.1_dnaA0_rlmHplus1Mbp	94.937	790	37	3	3	790	33050	32262	0.0	1234
IS431mec	GCF_019329745.1_NZ_CP073865.1_dnaA0_rlmHplus1Mbp	96.854	731	23	0	1	731	122963	123693	0.0	1223
IS431mec	GCF_019329725.1_NZ_CP073863.1_dnaA0_rlmHplus1Mbp	100.000	790	0	0	1	790	89210	88421	0.0	1459
IS431mec	GCF_019329725.1_NZ_CP073863.1_dnaA0_rlmHplus1Mbp	99.367	790	5	0	1	790	131428	130639	0.0	1432
IS431mec	GCF_019329725.1_NZ_CP073863.1_dnaA0_rlmHplus1Mbp	99.241	790	6	0	1	790	139918	139129	0.0	1426
IS431mec	GCF_019329725.1_NZ_CP073863.1_dnaA0_rlmHplus1Mbp	94.937	790	37	3	3	790	34406	33618	0.0	1234
IS431mec	GCF_019329725.1_NZ_CP073863.1_dnaA0_rlmHplus1Mbp	96.854	731	23	0	1	731	124319	125049	0.0	1223
IS431mec	GCF_019329685.1_NZ_CP073859.1_dnaA0_rlmHplus1Mbp	100.000	790	0	0	1	790	89210	88421	0.0	1459
IS431mec	GCF_019329685.1_NZ_CP073859.1_dnaA0_rlmHplus1Mbp	99.367	790	5	0	1	790	131428	130639	0.0	1432
IS431mec	GCF_019329685.1_NZ_CP073859.1_dnaA0_rlmHplus1Mbp	99.241	790	6	0	1	790	139918	139129	0.0	1426
IS431mec	GCF_019329685.1_NZ_CP073859.1_dnaA0_rlmHplus1Mbp	94.937	790	37	3	3	790	34406	33618	0.0	1234
IS431mec	GCF_019329685.1_NZ_CP073859.1_dnaA0_rlmHplus1Mbp	96.854	731	23	0	1	731	124319	125049	0.0	1223
IS431mec	GCF_019329585.1_NZ_CP073847.1_dnaA0_rlmHplus1Mbp	100.000	790	0	0	1	790	88388	87599	0.0	1459
IS431mec	GCF_019329585.1_NZ_CP073847.1_dnaA0_rlmHplus1Mbp	99.367	790	5	0	1	790	130606	129817	0.0	1432
IS431mec	GCF_019329585.1_NZ_CP073847.1_dnaA0_rlmHplus1Mbp	99.241	790	6	0	1	790	139096	138307	0.0	1426
IS431mec	GCF_019329585.1_NZ_CP073847.1_dnaA0_rlmHplus1Mbp	94.937	790	37	3	3	790	33584	32796	0.0	1234
IS431mec	GCF_019329585.1_NZ_CP073847.1_dnaA0_rlmHplus1Mbp	96.854	731	23	0	1	731	123497	124227	0.0	1223
IS431mec	GCF_019329405.1_NZ_CP073830.1_dnaA0_rlmHplus1Mbp	100.000	790	0	0	1	790	88389	87600	0.0	1459
IS431mec	GCF_019329405.1_NZ_CP073830.1_dnaA0_rlmHplus1Mbp	99.367	790	5	0	1	790	130607	129818	0.0	1432
IS431mec	GCF_019329405.1_NZ_CP073830.1_dnaA0_rlmHplus1Mbp	99.241	790	6	0	1	790	139097	138308	0.0	1426
IS431mec	GCF_019329405.1_NZ_CP073830.1_dnaA0_rlmHplus1Mbp	94.937	790	37	3	3	790	33585	32797	0.0	1234
IS431mec	GCF_019329405.1_NZ_CP073830.1_dnaA0_rlmHplus1Mbp	96.854	731	23	0	1	731	123498	124228	0.0	1223
IS431mec	GCF_019329365.1_NZ_CP073827.1_dnaA0_rlmHplus1Mbp	100.000	790	0	0	1	790	88363	87574	0.0	1459
IS431mec	GCF_019329365.1_NZ_CP073827.1_dnaA0_rlmHplus1Mbp	99.367	790	5	0	1	790	130581	129792	0.0	1432
IS431mec	GCF_019329365.1_NZ_CP073827.1_dnaA0_rlmHplus1Mbp	99.241	790	6	0	1	790	139071	138282	0.0	1426
IS431mec	GCF_019329365.1_NZ_CP073827.1_dnaA0_rlmHplus1Mbp	94.937	790	37	3	3	790	33558	32770	0.0	1234
IS431mec	GCF_019329365.1_NZ_CP073827.1_dnaA0_rlmHplus1Mbp	96.854	731	23	0	1	731	123472	124202	0.0	1223
IS431mec	GCF_016834475.1_NZ_CP069215.1_dnaA0_rlmHplus1Mbp	100.000	790	0	0	1	790	35159	34370	0.0	1459
IS431mec	GCF_016834475.1_NZ_CP069215.1_dnaA0_rlmHplus1Mbp	98.861	790	7	2	1	790	287325	286538	0.0	1408
IS431mec	GCF_014490515.1_NZ_CP061029.1_dnaA0_rlmHplus1Mbp	100.000	790	0	0	1	790	49280	48491	0.0	1459
IS431mec	GCF_014490515.1_NZ_CP061029.1_dnaA0_rlmHplus1Mbp	96.465	792	25	3	1	790	57517	56727	0.0	1304
IS431mec	GCF_014490515.1_NZ_CP061029.1_dnaA0_rlmHplus1Mbp	92.609	230	15	2	562	790	103800	104028	7.86e-89	329
IS431mec	GCF_009685135.1_NZ_CP045648.1_dnaA0_rlmHplus1Mbp	100.000	790	0	0	1	790	44311	45100	0.0	1459
IS431mec	GCF_009685135.1_NZ_CP045648.1_dnaA0_rlmHplus1Mbp	100.000	790	0	0	1	790	240834	240045	0.0	1459
IS431mec	GCF_009685135.1_NZ_CP045648.1_dnaA0_rlmHplus1Mbp	100.000	790	0	0	1	790	246180	245391	0.0	1459
IS431mec	GCF_009685135.1_NZ_CP045648.1_dnaA0_rlmHplus1Mbp	99.367	790	5	0	1	790	278110	277321	0.0	1432
IS431mec	GCF_009685135.1_NZ_CP045648.1_dnaA0_rlmHplus1Mbp	99.241	790	6	0	1	790	72789	73578	0.0	1426
IS431mec	GCF_009685135.1_NZ_CP045648.1_dnaA0_rlmHplus1Mbp	99.241	790	6	0	1	790	286600	285811	0.0	1426
IS431mec	GCF_009685135.1_NZ_CP045648.1_dnaA0_rlmHplus1Mbp	99.241	790	6	0	1	790	532663	533452	0.0	1426
IS431mec	GCF_009685135.1_NZ_CP045648.1_dnaA0_rlmHplus1Mbp	99.241	790	6	0	1	790	533497	534286	0.0	1426
IS431mec	GCF_009685135.1_NZ_CP045648.1_dnaA0_rlmHplus1Mbp	99.241	790	6	0	1	790	985194	984405	0.0	1426
IS431mec	GCF_009685135.1_NZ_CP045648.1_dnaA0_rlmHplus1Mbp	99.114	790	6	1	1	790	977884	977096	0.0	1419
IS431mec	GCF_009685135.1_NZ_CP045648.1_dnaA0_rlmHplus1Mbp	93.038	790	39	4	3	790	71067	71842	0.0	1140
IS431mec	GCF_002850315.1_NZ_CP013943.1_dnaA0_rlmHplus1Mbp	100.000	790	0	0	1	790	33812	33023	0.0	1459
IS431mec	GCF_002850315.1_NZ_CP013943.1_dnaA0_rlmHplus1Mbp	99.367	790	5	0	1	790	101173	100384	0.0	1432
IS431mec	GCF_002850315.1_NZ_CP013943.1_dnaA0_rlmHplus1Mbp	99.241	790	6	0	1	790	999578	998789	0.0	1426
IS431mec	GCF_002850315.1_NZ_CP013943.1_dnaA0_rlmHplus1Mbp	99.241	790	5	1	1	790	992269	991481	0.0	1424
IS431mec	GCF_002850315.1_NZ_CP013943.1_dnaA0_rlmHplus1Mbp	99.114	790	7	0	1	790	109515	108726	0.0	1421
IS431mec	GCF_002850315.1_NZ_CP013943.1_dnaA0_rlmHplus1Mbp	98.734	790	9	1	1	790	93689	94477	0.0	1402
IS431mec	GCF_002850315.1_NZ_CP013943.1_dnaA0_rlmHplus1Mbp	98.734	790	9	1	1	790	136587	137375	0.0	1402
IS431mec	GCF_002850315.1_NZ_CP013943.1_dnaA0_rlmHplus1Mbp	98.101	790	14	1	1	790	62773	63561	0.0	1375
IS431mec	GCF_002850315.1_NZ_CP013943.1_dnaA0_rlmHplus1Mbp	97.970	788	15	1	3	790	70782	69996	0.0	1365
IS431mec	GCF_000011925.1_NC_002976.3_dnaA0_rlmHplus1Mbp	100.000	790	0	0	1	790	33794	33005	0.0	1459
IS431mec	GCF_000011925.1_NC_002976.3_dnaA0_rlmHplus1Mbp	99.241	790	6	0	1	790	1005406	1004617	0.0	1426
IS431mec	GCF_000011925.1_NC_002976.3_dnaA0_rlmHplus1Mbp	98.734	790	8	2	1	790	358836	358049	0.0	1402
IS431mec	GCF_000011925.1_NC_002976.3_dnaA0_rlmHplus1Mbp	99.323	443	3	0	348	790	997749	997307	0.0	802
IS431mec	GCF_000011925.1_NC_002976.3_dnaA0_rlmHplus1Mbp	99.167	360	3	0	1	360	1002671	1002312	0.0	649
IS431mec	GCF_002944995.1_NZ_CP014119.1_dnaA0_rlmHplus1Mbp	99.873	790	1	0	1	790	33797	33008	0.0	1454
IS431mec	GCF_002944995.1_NZ_CP014119.1_dnaA0_rlmHplus1Mbp	98.861	790	7	2	1	790	378237	377450	0.0	1408
IS431mec	GCF_002944995.1_NZ_CP014119.1_dnaA0_rlmHplus1Mbp	97.092	791	12	2	1	787	73202	73985	0.0	1323
IS431mec	GCF_002944995.1_NZ_CP014119.1_dnaA0_rlmHplus1Mbp	98.305	118	1	1	674	790	83944	83827	1.38e-51	206
IS431mec	GCF_047358875.1_NZ_CP178841.1_dnaA0_rlmHplus1Mbp	99.747	790	2	0	1	790	46303	45514	0.0	1448
IS431mec	GCF_047358875.1_NZ_CP178841.1_dnaA0_rlmHplus1Mbp	94.937	790	37	3	3	790	34394	33606	0.0	1234
IS431mec	GCF_047358875.1_NZ_CP178841.1_dnaA0_rlmHplus1Mbp	96.982	729	22	0	3	731	51063	51791	0.0	1225
IS431mec	GCF_045933325.1_NZ_CP064533.1_dnaA0_rlmHplus1Mbp	99.747	790	2	0	1	790	76810	76021	0.0	1448
IS431mec	GCF_045933325.1_NZ_CP064533.1_dnaA0_rlmHplus1Mbp	99.241	790	5	1	1	790	70407	71195	0.0	1424
IS431mec	GCF_042935295.1_NZ_CP170661.1_dnaA0_rlmHplus1Mbp	99.747	791	1	1	1	790	35124	34334	0.0	1448
IS431mec	GCF_042935295.1_NZ_CP170661.1_dnaA0_rlmHplus1Mbp	99.367	790	5	0	1	790	641434	640645	0.0	1432
IS431mec	GCF_042935295.1_NZ_CP170661.1_dnaA0_rlmHplus1Mbp	92.609	230	15	2	562	790	126990	127218	7.86e-89	329
IS431mec	GCF_030435915.1_NZ_CP129365.1_dnaA0_rlmHplus1Mbp	99.747	790	2	0	1	790	42811	42022	0.0	1448
IS431mec	GCF_030435915.1_NZ_CP129365.1_dnaA0_rlmHplus1Mbp	99.747	790	2	0	1	790	232939	233728	0.0	1448
IS431mec	GCF_030435915.1_NZ_CP129365.1_dnaA0_rlmHplus1Mbp	99.367	790	4	1	1	790	644877	644089	0.0	1430
IS431mec	GCF_030435915.1_NZ_CP129365.1_dnaA0_rlmHplus1Mbp	96.990	731	22	0	1	731	228221	227491	0.0	1229
IS431mec	GCF_030012845.1_NZ_CP118842.1_dnaA0_rlmHplus1Mbp	99.747	790	2	0	1	790	42854	42065	0.0	1448
IS431mec	GCF_030012845.1_NZ_CP118842.1_dnaA0_rlmHplus1Mbp	99.367	790	5	0	1	790	72704	71915	0.0	1432
IS431mec	GCF_030012845.1_NZ_CP118842.1_dnaA0_rlmHplus1Mbp	99.367	790	4	1	1	790	169254	168466	0.0	1430
IS431mec	GCF_030012845.1_NZ_CP118842.1_dnaA0_rlmHplus1Mbp	98.734	790	9	1	1	790	99801	100589	0.0	1402
IS431mec	GCF_030012845.1_NZ_CP118842.1_dnaA0_rlmHplus1Mbp	96.990	731	22	0	1	731	47652	48382	0.0	1229
IS431mec	GCF_022832935.1_NZ_CP094872.1_dnaA0_rlmHplus1Mbp	99.747	790	2	0	1	790	60268	59479	0.0	1448
IS431mec	GCF_022832935.1_NZ_CP094872.1_dnaA0_rlmHplus1Mbp	98.861	790	7	2	1	790	336597	335810	0.0	1408
IS431mec	GCF_022832935.1_NZ_CP094872.1_dnaA0_rlmHplus1Mbp	98.228	790	14	0	1	790	48646	49435	0.0	1382
IS431mec	GCF_022832935.1_NZ_CP094872.1_dnaA0_rlmHplus1Mbp	96.990	731	22	0	1	731	64986	65716	0.0	1229
IS431mec	GCF_022832915.1_NZ_CP094865.1_dnaA0_rlmHplus1Mbp	99.747	790	2	0	1	790	60266	59477	0.0	1448
IS431mec	GCF_022832915.1_NZ_CP094865.1_dnaA0_rlmHplus1Mbp	98.861	790	7	2	1	790	336548	335761	0.0	1408
IS431mec	GCF_022832915.1_NZ_CP094865.1_dnaA0_rlmHplus1Mbp	98.228	790	14	0	1	790	48644	49433	0.0	1382
IS431mec	GCF_022832915.1_NZ_CP094865.1_dnaA0_rlmHplus1Mbp	96.990	731	22	0	1	731	64984	65714	0.0	1229
IS431mec	GCF_022832895.1_NZ_CP094859.1_dnaA0_rlmHplus1Mbp	99.747	790	2	0	1	790	60268	59479	0.0	1448
IS431mec	GCF_022832895.1_NZ_CP094859.1_dnaA0_rlmHplus1Mbp	98.861	790	7	2	1	790	336595	335808	0.0	1408
IS431mec	GCF_022832895.1_NZ_CP094859.1_dnaA0_rlmHplus1Mbp	98.228	790	14	0	1	790	48646	49435	0.0	1382
IS431mec	GCF_022832895.1_NZ_CP094859.1_dnaA0_rlmHplus1Mbp	96.990	731	22	0	1	731	64986	65716	0.0	1229
IS431mec	GCF_003812425.1_NZ_CP033782.1_dnaA0_rlmHplus1Mbp	99.747	790	2	0	1	790	41469	40680	0.0	1448
IS431mec	GCF_003812425.1_NZ_CP033782.1_dnaA0_rlmHplus1Mbp	96.990	731	22	0	1	731	46107	46837	0.0	1229
IS431mec	GCF_003812425.1_NZ_CP033782.1_dnaA0_rlmHplus1Mbp	92.609	230	15	2	562	790	108912	109140	7.86e-89	329
IS431mec	GCF_025558705.1_NZ_CP094731.1_dnaA0_rlmHplus1Mbp	99.620	790	3	0	1	790	48355	47566	0.0	1443
IS431mec	GCF_025558705.1_NZ_CP094731.1_dnaA0_rlmHplus1Mbp	96.962	790	11	1	1	790	45620	44844	0.0	1314
IS431mec	GCF_025558705.1_NZ_CP094731.1_dnaA0_rlmHplus1Mbp	93.043	230	14	2	562	790	136813	137041	1.69e-90	335
IS431mec	GCF_016903575.1_NZ_CP069954.1_dnaA0_rlmHplus1Mbp	99.620	790	3	0	1	790	68576	67787	0.0	1443
IS431mec	GCF_016903575.1_NZ_CP069954.1_dnaA0_rlmHplus1Mbp	98.987	790	8	0	1	790	62811	62022	0.0	1415
IS431mec	GCF_016903575.1_NZ_CP069954.1_dnaA0_rlmHplus1Mbp	98.987	790	8	0	1	790	65459	66248	0.0	1415
IS431mec	GCF_016903575.1_NZ_CP069954.1_dnaA0_rlmHplus1Mbp	98.101	790	15	0	1	790	46597	45808	0.0	1376
IS431mec	GCF_016903575.1_NZ_CP069954.1_dnaA0_rlmHplus1Mbp	98.221	787	14	0	1	787	51247	52033	0.0	1376
IS431mec	GCF_006742205.1_NZ_AP019721.1_dnaA0_rlmHplus1Mbp	99.620	790	3	0	1	790	69062	68273	0.0	1443
IS431mec	GCF_006742205.1_NZ_AP019721.1_dnaA0_rlmHplus1Mbp	99.494	790	3	1	1	790	60572	59784	0.0	1435
IS431mec	GCF_006742205.1_NZ_AP019721.1_dnaA0_rlmHplus1Mbp	99.241	790	5	1	1	790	49470	50258	0.0	1424
IS431mec	GCF_006742205.1_NZ_AP019721.1_dnaA0_rlmHplus1Mbp	98.228	790	14	0	1	790	80739	81528	0.0	1382
IS431mec	GCF_006094375.1_NZ_CP035288.1_dnaA0_rlmHplus1Mbp	99.620	790	3	0	1	790	114645	113856	0.0	1443
IS431mec	GCF_006094375.1_NZ_CP035288.1_dnaA0_rlmHplus1Mbp	99.494	790	3	1	1	790	106155	105367	0.0	1435
IS431mec	GCF_006094375.1_NZ_CP035288.1_dnaA0_rlmHplus1Mbp	99.241	790	5	1	1	790	95053	95841	0.0	1424
IS431mec	GCF_006094375.1_NZ_CP035288.1_dnaA0_rlmHplus1Mbp	98.228	790	14	0	1	790	126322	127111	0.0	1382
IS431mec	GCF_006094375.1_NZ_CP035288.1_dnaA0_rlmHplus1Mbp	92.803	792	41	4	1	790	33831	33054	0.0	1133
IS431mec	GCF_024204825.1_NZ_CP093188.1_dnaA0_rlmHplus1Mbp	99.620	790	2	1	1	790	34679	33891	0.0	1441
IS431mec	GCF_024204825.1_NZ_CP093188.1_dnaA0_rlmHplus1Mbp	96.990	731	22	0	1	731	39477	40207	0.0	1229
IS431mec	GCF_016903555.1_NZ_CP069951.1_dnaA0_rlmHplus1Mbp	99.620	790	2	1	1	790	35846	35058	0.0	1441
IS431mec	GCF_016889165.1_NZ_CP069473.1_dnaA0_rlmHplus1Mbp	99.620	790	2	1	1	790	37202	36414	0.0	1441
IS431mec	GCF_003856455.1_NZ_CP034115.1_dnaA0_rlmHplus1Mbp	99.620	790	2	1	1	790	34837	34049	0.0	1441
IS431mec	GCF_003856455.1_NZ_CP034115.1_dnaA0_rlmHplus1Mbp	96.990	731	22	0	1	731	39635	40365	0.0	1229
IS431mec	GCF_003856395.1_NZ_CP034111.1_dnaA0_rlmHplus1Mbp	99.620	790	2	1	1	790	34837	34049	0.0	1441
IS431mec	GCF_003856395.1_NZ_CP034111.1_dnaA0_rlmHplus1Mbp	96.990	731	22	0	1	731	39635	40365	0.0	1229
IS431mec	GCF_045930685.1_NZ_CP064512.1_dnaA0_rlmHplus1Mbp	99.494	790	4	0	1	790	76810	76021	0.0	1437
IS431mec	GCF_045930685.1_NZ_CP064512.1_dnaA0_rlmHplus1Mbp	99.367	790	4	1	1	790	70407	71195	0.0	1430
IS431mec	GCF_024204725.1_NZ_CP093170.1_dnaA0_rlmHplus1Mbp	99.494	790	4	0	1	790	34694	33905	0.0	1437
IS431mec	GCF_024204725.1_NZ_CP093170.1_dnaA0_rlmHplus1Mbp	96.990	731	22	0	1	731	39492	40222	0.0	1229
IS431mec	GCF_024204725.1_NZ_CP093170.1_dnaA0_rlmHplus1Mbp	92.609	230	15	2	562	790	141164	141392	7.86e-89	329
IS431mec	GCF_016026915.1_NZ_CP065656.1_dnaA0_rlmHplus1Mbp	99.494	790	4	0	1	790	88216	87427	0.0	1437
IS431mec	GCF_016026915.1_NZ_CP065656.1_dnaA0_rlmHplus1Mbp	99.494	790	3	1	1	790	79726	78938	0.0	1435
IS431mec	GCF_016026915.1_NZ_CP065656.1_dnaA0_rlmHplus1Mbp	99.367	790	4	1	1	790	68624	69412	0.0	1430
IS431mec	GCF_016026915.1_NZ_CP065656.1_dnaA0_rlmHplus1Mbp	100.000	58	0	0	733	790	105608	105665	4.01e-22	108
IS431mec	GCF_009873455.1_NZ_CP043845.1_dnaA0_rlmHplus1Mbp	99.494	790	4	0	1	790	89572	88783	0.0	1437
IS431mec	GCF_009873455.1_NZ_CP043845.1_dnaA0_rlmHplus1Mbp	99.494	790	3	1	1	790	81082	80294	0.0	1435
IS431mec	GCF_009873455.1_NZ_CP043845.1_dnaA0_rlmHplus1Mbp	99.367	790	4	1	1	790	69980	70768	0.0	1430
IS431mec	GCF_009873455.1_NZ_CP043845.1_dnaA0_rlmHplus1Mbp	100.000	58	0	0	733	790	106964	107021	4.01e-22	108
IS431mec	GCF_009769015.1_NZ_CP043841.1_dnaA0_rlmHplus1Mbp	99.494	790	4	0	1	790	477981	477192	0.0	1437
IS431mec	GCF_009769015.1_NZ_CP043841.1_dnaA0_rlmHplus1Mbp	99.241	790	5	1	1	790	475323	476111	0.0	1424
IS431mec	GCF_009769015.1_NZ_CP043841.1_dnaA0_rlmHplus1Mbp	98.734	790	9	1	1	790	77045	77833	0.0	1402
IS431mec	GCF_009769015.1_NZ_CP043841.1_dnaA0_rlmHplus1Mbp	99.492	591	2	1	200	790	491249	491838	0.0	1074
IS431mec	GCF_009769015.1_NZ_CP043841.1_dnaA0_rlmHplus1Mbp	99.107	112	1	0	1	112	491144	491255	1.79e-50	202
IS431mec	GCF_000007645.1_NC_004461.1_dnaA0_rlmHplus1Mbp	99.494	790	4	0	1	790	89539	88750	0.0	1437
IS431mec	GCF_000007645.1_NC_004461.1_dnaA0_rlmHplus1Mbp	99.494	790	3	1	1	790	81049	80261	0.0	1435
IS431mec	GCF_000007645.1_NC_004461.1_dnaA0_rlmHplus1Mbp	99.367	790	4	1	1	790	69980	70768	0.0	1430
IS431mec	GCF_000007645.1_NC_004461.1_dnaA0_rlmHplus1Mbp	100.000	58	0	0	733	790	106931	106988	4.01e-22	108
IS431mec	GCF_047528355.1_NZ_CP180178.1_dnaA0_rlmHplus1Mbp	99.367	790	5	0	1	790	55801	56590	0.0	1432
IS431mec	GCF_047528355.1_NZ_CP180178.1_dnaA0_rlmHplus1Mbp	99.367	790	5	0	1	790	60417	59628	0.0	1432
IS431mec	GCF_047528355.1_NZ_CP180178.1_dnaA0_rlmHplus1Mbp	99.241	790	6	0	1	790	51159	50370	0.0	1426
IS431mec	GCF_047528345.1_NZ_CP180176.1_dnaA0_rlmHplus1Mbp	99.367	790	5	0	1	790	55801	56590	0.0	1432
IS431mec	GCF_047528345.1_NZ_CP180176.1_dnaA0_rlmHplus1Mbp	99.367	790	5	0	1	790	60417	59628	0.0	1432
IS431mec	GCF_047528345.1_NZ_CP180176.1_dnaA0_rlmHplus1Mbp	99.241	790	6	0	1	790	51159	50370	0.0	1426
IS431mec	GCF_047528335.1_NZ_CP180177.1_dnaA0_rlmHplus1Mbp	99.367	790	5	0	1	790	55801	56590	0.0	1432
IS431mec	GCF_047528335.1_NZ_CP180177.1_dnaA0_rlmHplus1Mbp	99.367	790	5	0	1	790	60417	59628	0.0	1432
IS431mec	GCF_047528335.1_NZ_CP180177.1_dnaA0_rlmHplus1Mbp	99.241	790	6	0	1	790	51159	50370	0.0	1426
IS431mec	GCF_045938735.1_NZ_CP064580.1_dnaA0_rlmHplus1Mbp	99.367	790	5	0	1	790	55970	55181	0.0	1432
IS431mec	GCF_045938735.1_NZ_CP064580.1_dnaA0_rlmHplus1Mbp	99.241	790	5	1	1	790	49567	50355	0.0	1424
IS431mec	GCF_045927355.1_NZ_CP064464.1_dnaA0_rlmHplus1Mbp	99.367	790	5	0	1	790	41947	41158	0.0	1432
IS431mec	GCF_045927355.1_NZ_CP064464.1_dnaA0_rlmHplus1Mbp	99.241	790	5	1	1	790	35544	36332	0.0	1424
IS431mec	GCF_042464775.1_NZ_CP170250.1_dnaA0_rlmHplus1Mbp	99.367	790	5	0	1	790	76478	77267	0.0	1432
IS431mec	GCF_042464775.1_NZ_CP170250.1_dnaA0_rlmHplus1Mbp	97.342	790	20	1	1	790	210716	211504	0.0	1341
IS431mec	GCF_030014005.1_NZ_CP118820.1_dnaA0_rlmHplus1Mbp	99.367	790	5	0	1	790	37884	37095	0.0	1432
IS431mec	GCF_030014005.1_NZ_CP118820.1_dnaA0_rlmHplus1Mbp	99.241	790	5	1	1	790	35163	34375	0.0	1424
IS431mec	GCF_029025685.1_NZ_CP119047.1_dnaA0_rlmHplus1Mbp	99.367	790	5	0	1	790	36638	35849	0.0	1432
IS431mec	GCF_029025685.1_NZ_CP119047.1_dnaA0_rlmHplus1Mbp	99.367	790	5	0	1	790	46503	47292	0.0	1432
IS431mec	GCF_029025685.1_NZ_CP119047.1_dnaA0_rlmHplus1Mbp	96.966	791	13	2	1	787	59531	60314	0.0	1317
IS431mec	GCF_029025685.1_NZ_CP119047.1_dnaA0_rlmHplus1Mbp	97.458	118	2	1	674	790	70273	70156	6.43e-50	200
IS431mec	GCF_025665415.1_NZ_CP106834.1_dnaA0_rlmHplus1Mbp	99.367	790	5	0	1	790	32611	33400	0.0	1432
IS431mec	GCF_025665415.1_NZ_CP106834.1_dnaA0_rlmHplus1Mbp	99.241	790	5	1	1	790	37517	36729	0.0	1424
IS431mec	GCF_025665415.1_NZ_CP106834.1_dnaA0_rlmHplus1Mbp	100.000	58	0	0	733	790	47217	47274	4.01e-22	108
IS431mec	GCF_021513115.1_NZ_CP090993.1_dnaA0_rlmHplus1Mbp	99.367	790	5	0	1	790	34327	35116	0.0	1432
IS431mec	GCF_021513115.1_NZ_CP090993.1_dnaA0_rlmHplus1Mbp	100.000	58	0	0	733	790	35257	35314	4.01e-22	108
IS431mec	GCF_021513035.1_NZ_CP091006.1_dnaA0_rlmHplus1Mbp	99.367	790	5	0	1	790	34327	35116	0.0	1432
IS431mec	GCF_021513035.1_NZ_CP091006.1_dnaA0_rlmHplus1Mbp	100.000	58	0	0	733	790	35257	35314	4.01e-22	108
IS431mec	GCF_021398345.1_NZ_CP071994.1_dnaA0_rlmHplus1Mbp	99.367	790	5	0	1	790	34327	35116	0.0	1432
IS431mec	GCF_021398345.1_NZ_CP071994.1_dnaA0_rlmHplus1Mbp	99.241	790	5	1	1	790	39060	38272	0.0	1424
IS431mec	GCF_021398345.1_NZ_CP071994.1_dnaA0_rlmHplus1Mbp	100.000	58	0	0	733	790	50194	50251	4.01e-22	108
IS431mec	GCF_014334295.1_NZ_CP060528.1_dnaA0_rlmHplus1Mbp	99.367	790	5	0	1	790	36626	35837	0.0	1432
IS431mec	GCF_014334295.1_NZ_CP060528.1_dnaA0_rlmHplus1Mbp	99.367	790	5	0	1	790	46491	47280	0.0	1432
IS431mec	GCF_014334295.1_NZ_CP060528.1_dnaA0_rlmHplus1Mbp	96.966	791	13	2	1	787	59519	60302	0.0	1317
IS431mec	GCF_014334295.1_NZ_CP060528.1_dnaA0_rlmHplus1Mbp	97.458	118	2	1	674	790	70261	70144	6.43e-50	200
IS431mec	GCF_013317125.1_NZ_CP040883.1_dnaA0_rlmHplus1Mbp	99.367	790	5	0	1	790	66804	66015	0.0	1432
IS431mec	GCF_013317125.1_NZ_CP040883.1_dnaA0_rlmHplus1Mbp	99.241	790	6	0	1	790	75294	74505	0.0	1426
IS431mec	GCF_013317125.1_NZ_CP040883.1_dnaA0_rlmHplus1Mbp	97.975	790	15	1	1	790	36104	36892	0.0	1369
IS431mec	GCF_013317125.1_NZ_CP040883.1_dnaA0_rlmHplus1Mbp	97.264	731	20	0	1	731	39219	39949	0.0	1240
IS431mec	GCF_002954055.1_NZ_CP014132.1_dnaA0_rlmHplus1Mbp	99.367	790	5	0	1	790	44798	44009	0.0	1432
IS431mec	GCF_002954055.1_NZ_CP014132.1_dnaA0_rlmHplus1Mbp	99.367	790	5	0	1	790	48056	47267	0.0	1432
IS431mec	GCF_002954055.1_NZ_CP014132.1_dnaA0_rlmHplus1Mbp	99.367	790	5	0	1	790	62330	61541	0.0	1432
IS431mec	GCF_002085695.1_NZ_CP020463.1_dnaA0_rlmHplus1Mbp	99.367	790	5	0	1	790	55801	56590	0.0	1432
IS431mec	GCF_002085695.1_NZ_CP020463.1_dnaA0_rlmHplus1Mbp	99.367	790	5	0	1	790	60417	59628	0.0	1432
IS431mec	GCF_002085695.1_NZ_CP020463.1_dnaA0_rlmHplus1Mbp	99.241	790	6	0	1	790	51159	50370	0.0	1426
IS431mec	GCF_016727385.1_NZ_CP068136.1_dnaA0_rlmHplus1Mbp	99.367	790	4	1	1	790	48418	47630	0.0	1430
IS431mec	GCF_045929845.1_NZ_CP064494.1_dnaA0_rlmHplus1Mbp	99.241	790	6	0	1	790	42049	41260	0.0	1426
IS431mec	GCF_045929845.1_NZ_CP064494.1_dnaA0_rlmHplus1Mbp	98.987	790	7	1	1	790	35646	36434	0.0	1413
IS431mec	GCF_045866545.1_NZ_AP038759.1_dnaA0_rlmHplus1Mbp	99.241	790	6	0	1	790	91929	91140	0.0	1426
IS431mec	GCF_045866545.1_NZ_AP038759.1_dnaA0_rlmHplus1Mbp	98.734	790	9	1	1	790	119023	119811	0.0	1402
IS431mec	GCF_045866545.1_NZ_AP038759.1_dnaA0_rlmHplus1Mbp	94.937	790	37	3	3	790	75694	74906	0.0	1234
IS431mec	GCF_030291655.1_NZ_CP127869.1_dnaA0_rlmHplus1Mbp	99.241	790	6	0	1	790	66371	65582	0.0	1426
IS431mec	GCF_030291655.1_NZ_CP127869.1_dnaA0_rlmHplus1Mbp	99.241	790	6	0	1	790	80506	79717	0.0	1426
IS431mec	GCF_030291655.1_NZ_CP127869.1_dnaA0_rlmHplus1Mbp	99.241	790	6	0	1	790	88996	88207	0.0	1426
IS431mec	GCF_030291655.1_NZ_CP127869.1_dnaA0_rlmHplus1Mbp	99.241	790	5	1	1	790	59119	58331	0.0	1424
IS431mec	GCF_030291655.1_NZ_CP127869.1_dnaA0_rlmHplus1Mbp	98.481	790	12	0	1	790	52697	51908	0.0	1393
IS431mec	GCF_029691955.1_NZ_CP121529.1_dnaA0_rlmHplus1Mbp	99.241	790	6	0	1	790	74264	73475	0.0	1426
IS431mec	GCF_029691955.1_NZ_CP121529.1_dnaA0_rlmHplus1Mbp	99.241	790	5	1	1	790	40991	41779	0.0	1424
IS431mec	GCF_029691955.1_NZ_CP121529.1_dnaA0_rlmHplus1Mbp	99.241	790	5	1	1	790	70584	71372	0.0	1424
IS431mec	GCF_029691955.1_NZ_CP121529.1_dnaA0_rlmHplus1Mbp	99.241	790	5	1	1	790	75930	76718	0.0	1424
IS431mec	GCF_029691955.1_NZ_CP121529.1_dnaA0_rlmHplus1Mbp	97.468	790	19	1	1	790	45739	44951	0.0	1347
IS431mec	GCF_029691955.1_NZ_CP121529.1_dnaA0_rlmHplus1Mbp	97.468	790	19	1	1	790	53974	53186	0.0	1347
IS431mec	GCF_029691955.1_NZ_CP121529.1_dnaA0_rlmHplus1Mbp	97.468	790	19	1	1	790	59804	59016	0.0	1347
IS431mec	GCF_029691955.1_NZ_CP121529.1_dnaA0_rlmHplus1Mbp	97.342	790	20	1	1	790	62893	62105	0.0	1341
IS431mec	GCF_029691955.1_NZ_CP121529.1_dnaA0_rlmHplus1Mbp	99.371	159	1	0	1	159	71531	71373	1.33e-76	289
IS431mec	GCF_029691935.1_NZ_CP121527.1_dnaA0_rlmHplus1Mbp	99.241	790	6	0	1	790	35598	34809	0.0	1426
IS431mec	GCF_029691935.1_NZ_CP121527.1_dnaA0_rlmHplus1Mbp	98.734	790	9	1	1	790	62689	63477	0.0	1402
IS431mec	GCF_026314335.1_NZ_CP111111.1_dnaA0_rlmHplus1Mbp	99.241	790	6	0	1	790	63404	64193	0.0	1426
IS431mec	GCF_040370005.1_NZ_AP028322.1_dnaA0_rlmHplus1Mbp	99.114	790	7	0	1	790	324789	325578	0.0	1421
IS431mec	GCF_040370005.1_NZ_AP028322.1_dnaA0_rlmHplus1Mbp	93.043	230	14	2	562	790	105899	106127	1.69e-90	335
IS431mec	GCF_024266825.1_NZ_CP090941.1_dnaA0_rlmHplus1Mbp	99.114	790	7	0	1	790	106343	107132	0.0	1421
IS431mec	GCF_000751035.1_NZ_HG813242.1_dnaA0_rlmHplus1Mbp	98.987	790	8	0	1	790	58183	57394	0.0	1415
IS431mec	GCF_000751035.1_NZ_HG813242.1_dnaA0_rlmHplus1Mbp	98.734	790	10	0	1	790	55080	54291	0.0	1404
IS431mec	GCF_000751035.1_NZ_HG813242.1_dnaA0_rlmHplus1Mbp	96.854	731	23	0	1	731	39085	39815	0.0	1223
IS431mec	GCF_000751035.1_NZ_HG813242.1_dnaA0_rlmHplus1Mbp	100.000	58	0	0	733	790	62698	62755	4.01e-22	108
IS431mec	GCF_021513075.1_NZ_CP090985.1_dnaA0_rlmHplus1Mbp	98.987	790	7	1	1	790	39821	39033	0.0	1413
IS431mec	GCF_021513075.1_NZ_CP090985.1_dnaA0_rlmHplus1Mbp	98.861	790	8	1	1	790	34327	35115	0.0	1408
IS431mec	GCF_021513055.1_NZ_CP090989.1_dnaA0_rlmHplus1Mbp	98.987	790	7	1	1	790	334147	333359	0.0	1413
IS431mec	GCF_021513055.1_NZ_CP090989.1_dnaA0_rlmHplus1Mbp	98.729	787	10	0	1	787	55943	56729	0.0	1399
IS431mec	GCF_021513055.1_NZ_CP090989.1_dnaA0_rlmHplus1Mbp	98.305	118	1	1	674	790	66688	66571	1.38e-51	206
IS431mec	GCF_021513055.1_NZ_CP090989.1_dnaA0_rlmHplus1Mbp	100.000	58	0	0	733	790	77000	77057	4.01e-22	108
IS431mec	GCF_042464755.1_NZ_CP170248.1_dnaA0_rlmHplus1Mbp	98.861	790	9	0	1	790	67541	68330	0.0	1410
IS431mec	GCF_025809335.1_NZ_CP088002.1_dnaA0_rlmHplus1Mbp	98.861	790	9	0	1	790	62053	62842	0.0	1410
IS431mec	GCF_025809335.1_NZ_CP088002.1_dnaA0_rlmHplus1Mbp	98.734	790	8	2	1	790	313785	312998	0.0	1402
IS431mec	GCF_045788485.1_NZ_CP064498.1_dnaA0_rlmHplus1Mbp	98.861	790	7	2	1	790	313943	313156	0.0	1408
IS431mec	GCF_045788485.1_NZ_CP064498.1_dnaA0_rlmHplus1Mbp	97.215	790	22	0	1	790	56228	57017	0.0	1338
IS431mec	GCF_029691775.1_NZ_CP121483.1_dnaA0_rlmHplus1Mbp	98.861	790	7	2	1	790	294153	293366	0.0	1408
IS431mec	GCF_025558665.1_NZ_CP094728.1_dnaA0_rlmHplus1Mbp	98.861	790	7	2	1	790	337070	336283	0.0	1408
IS431mec	GCF_025558665.1_NZ_CP094728.1_dnaA0_rlmHplus1Mbp	98.734	790	10	0	1	790	53898	54687	0.0	1404
IS431mec	GCF_047777965.1_NZ_CP180533.1_dnaA0_rlmHplus1Mbp	98.734	790	8	2	1	790	268111	267324	0.0	1402
IS431mec	GCF_047653665.1_NZ_CP180313.1_dnaA0_rlmHplus1Mbp	98.734	790	8	2	1	790	341438	340651	0.0	1402
IS431mec	GCF_047653665.1_NZ_CP180313.1_dnaA0_rlmHplus1Mbp	97.092	791	12	2	1	787	56492	57275	0.0	1323
IS431mec	GCF_047653665.1_NZ_CP180313.1_dnaA0_rlmHplus1Mbp	98.305	118	1	1	674	790	67234	67117	1.38e-51	206
IS431mec	GCF_047653665.1_NZ_CP180313.1_dnaA0_rlmHplus1Mbp	100.000	58	0	0	733	790	77547	77604	4.01e-22	108
IS431mec	GCF_029691855.1_NZ_CP121518.1_dnaA0_rlmHplus1Mbp	98.734	790	8	2	1	790	302119	301332	0.0	1402
IS431mec	GCF_029691855.1_NZ_CP121518.1_dnaA0_rlmHplus1Mbp	97.092	791	12	2	1	787	48565	49348	0.0	1323
IS431mec	GCF_029691855.1_NZ_CP121518.1_dnaA0_rlmHplus1Mbp	98.305	118	1	1	674	790	59307	59190	1.38e-51	206
IS431mec	GCF_029691855.1_NZ_CP121518.1_dnaA0_rlmHplus1Mbp	100.000	58	0	0	733	790	69620	69677	4.01e-22	108
IS431mec	GCF_029691745.1_NZ_CP121522.1_dnaA0_rlmHplus1Mbp	98.734	790	8	2	1	790	322197	321410	0.0	1402
IS431mec	GCF_029691745.1_NZ_CP121522.1_dnaA0_rlmHplus1Mbp	97.092	791	12	2	1	787	42985	43768	0.0	1323
IS431mec	GCF_029691745.1_NZ_CP121522.1_dnaA0_rlmHplus1Mbp	98.305	118	1	1	674	790	53727	53610	1.38e-51	206
IS431mec	GCF_029691745.1_NZ_CP121522.1_dnaA0_rlmHplus1Mbp	100.000	58	0	0	733	790	64040	64097	4.01e-22	108
IS431mec	GCF_025558725.1_NZ_CP094733.1_dnaA0_rlmHplus1Mbp	98.734	790	8	2	1	790	349694	348907	0.0	1402
IS431mec	GCF_025558725.1_NZ_CP094733.1_dnaA0_rlmHplus1Mbp	97.092	791	12	2	1	787	51367	52150	0.0	1323
IS431mec	GCF_025558725.1_NZ_CP094733.1_dnaA0_rlmHplus1Mbp	98.305	118	1	1	674	790	62109	61992	1.38e-51	206
IS431mec	GCF_021513095.1_NZ_CP090998.1_dnaA0_rlmHplus1Mbp	98.734	790	9	1	1	790	49871	50659	0.0	1402
IS431mec	GCF_021398305.1_NZ_CP071988.1_dnaA0_rlmHplus1Mbp	98.734	790	9	1	1	790	82594	83382	0.0	1402
IS431mec	GCF_021398305.1_NZ_CP071988.1_dnaA0_rlmHplus1Mbp	97.468	790	19	1	1	790	305706	306494	0.0	1347
IS431mec	GCF_021398305.1_NZ_CP071988.1_dnaA0_rlmHplus1Mbp	97.468	790	19	1	1	790	309982	310770	0.0	1347
IS431mec	GCF_021398305.1_NZ_CP071988.1_dnaA0_rlmHplus1Mbp	97.468	790	19	1	1	790	314370	315158	0.0	1347
IS431mec	GCF_021398305.1_NZ_CP071988.1_dnaA0_rlmHplus1Mbp	97.468	790	19	1	1	790	320108	319320	0.0	1347
IS431mec	GCF_016834495.1_NZ_CP069219.1_dnaA0_rlmHplus1Mbp	98.734	790	8	2	1	790	351811	351024	0.0	1402
IS431mec	GCF_016834495.1_NZ_CP069219.1_dnaA0_rlmHplus1Mbp	98.101	790	15	0	1	790	121547	122336	0.0	1376
IS431mec	GCF_016834495.1_NZ_CP069219.1_dnaA0_rlmHplus1Mbp	96.839	791	14	2	1	787	100382	101165	0.0	1312
IS431mec	GCF_016834495.1_NZ_CP069219.1_dnaA0_rlmHplus1Mbp	98.085	731	14	0	1	731	73112	73842	0.0	1273
IS431mec	GCF_016834495.1_NZ_CP069219.1_dnaA0_rlmHplus1Mbp	95.455	792	33	3	1	790	68314	67524	0.0	1260
IS431mec	GCF_016834495.1_NZ_CP069219.1_dnaA0_rlmHplus1Mbp	97.458	118	2	1	674	790	111124	111007	6.43e-50	200
IS431mec	GCF_003325735.1_NZ_CP030246.1_dnaA0_rlmHplus1Mbp	98.734	790	8	2	1	790	322880	322093	0.0	1402
IS431mec	GCF_003325735.1_NZ_CP030246.1_dnaA0_rlmHplus1Mbp	97.092	791	12	2	1	787	42985	43768	0.0	1323
IS431mec	GCF_003325735.1_NZ_CP030246.1_dnaA0_rlmHplus1Mbp	98.305	118	1	1	674	790	53727	53610	1.38e-51	206
IS431mec	GCF_003325735.1_NZ_CP030246.1_dnaA0_rlmHplus1Mbp	100.000	58	0	0	733	790	64040	64097	4.01e-22	108
IS431mec	GCF_021496035.1_NZ_CP090915.1_dnaA0_rlmHplus1Mbp	98.481	790	12	0	1	790	59996	60785	0.0	1393
IS431mec	GCF_016406625.1_NZ_CP066376.1_dnaA0_rlmHplus1Mbp	98.481	790	12	0	1	790	56874	57663	0.0	1393
IS431mec	GCF_038116975.1_NZ_CP132999.1_dnaA0_rlmHplus1Mbp	98.228	790	14	0	1	790	75099	75888	0.0	1382
IS431mec	GCF_038116975.1_NZ_CP132999.1_dnaA0_rlmHplus1Mbp	96.839	791	14	2	1	787	53918	54701	0.0	1312
IS431mec	GCF_038116975.1_NZ_CP132999.1_dnaA0_rlmHplus1Mbp	97.458	118	2	1	674	790	64660	64543	6.43e-50	200
IS431mec	GCF_036419715.1_NZ_CP134835.1_dnaA0_rlmHplus1Mbp	98.228	790	14	0	1	790	94278	95067	0.0	1382
IS431mec	GCF_036419715.1_NZ_CP134835.1_dnaA0_rlmHplus1Mbp	94.937	790	37	3	3	790	48353	47565	0.0	1234
IS431mec	GCF_029691705.1_NZ_CP121486.1_dnaA0_rlmHplus1Mbp	98.228	790	14	0	1	790	54397	55186	0.0	1382
IS431mec	GCF_016904135.1_NZ_CP070057.1_dnaA0_rlmHplus1Mbp	98.228	790	14	0	1	790	81750	82539	0.0	1382
IS431mec	GCF_016904135.1_NZ_CP070057.1_dnaA0_rlmHplus1Mbp	96.839	791	14	2	1	787	60569	61352	0.0	1312
IS431mec	GCF_016904135.1_NZ_CP070057.1_dnaA0_rlmHplus1Mbp	97.458	118	2	1	674	790	71311	71194	6.43e-50	200
IS431mec	GCF_041080605.1_NZ_CP163559.1_dnaA0_rlmHplus1Mbp	97.975	790	15	1	1	790	85454	84666	0.0	1369
IS431mec	GCF_041080605.1_NZ_CP163559.1_dnaA0_rlmHplus1Mbp	97.975	790	15	1	1	790	88322	87534	0.0	1369
IS431mec	GCF_029691895.1_NZ_CP121502.1_dnaA0_rlmHplus1Mbp	97.468	790	18	2	1	790	241711	242498	0.0	1347
IS431mec	GCF_014489335.1_NZ_CP060794.1_dnaA0_rlmHplus1Mbp	97.468	790	19	1	1	790	293419	294207	0.0	1347
IS431mec	GCF_014489335.1_NZ_CP060794.1_dnaA0_rlmHplus1Mbp	97.401	731	19	0	1	731	37852	38582	0.0	1245
IS431mec	GCF_014489335.1_NZ_CP060794.1_dnaA0_rlmHplus1Mbp	94.949	792	37	3	1	790	33054	32264	0.0	1238
IS431mec	GCF_038070525.1_NZ_CP114456.1_dnaA0_rlmHplus1Mbp	96.970	792	21	3	1	790	106576	105786	0.0	1327
IS431mec	GCF_038070525.1_NZ_CP114456.1_dnaA0_rlmHplus1Mbp	96.086	792	18	4	1	790	96026	96806	0.0	1279
IS431mec	GCF_038070525.1_NZ_CP114456.1_dnaA0_rlmHplus1Mbp	96.086	792	18	4	1	790	100567	99787	0.0	1279
IS431mec	GCF_038070525.1_NZ_CP114456.1_dnaA0_rlmHplus1Mbp	98.797	582	7	0	1	582	108929	108348	0.0	1037
IS431mec	GCF_038070515.1_NZ_CP114453.1_dnaA0_rlmHplus1Mbp	96.970	792	21	3	1	790	106576	105786	0.0	1327
IS431mec	GCF_038070515.1_NZ_CP114453.1_dnaA0_rlmHplus1Mbp	96.086	792	18	4	1	790	96026	96806	0.0	1279
IS431mec	GCF_038070515.1_NZ_CP114453.1_dnaA0_rlmHplus1Mbp	96.086	792	18	4	1	790	100567	99787	0.0	1279
IS431mec	GCF_038070515.1_NZ_CP114453.1_dnaA0_rlmHplus1Mbp	98.797	582	7	0	1	582	108929	108348	0.0	1037
IS431mec	GCF_038070245.1_NZ_CP114450.1_dnaA0_rlmHplus1Mbp	96.970	792	21	3	1	790	106574	105784	0.0	1327
IS431mec	GCF_038070245.1_NZ_CP114450.1_dnaA0_rlmHplus1Mbp	96.086	792	18	4	1	790	96024	96804	0.0	1279
IS431mec	GCF_038070245.1_NZ_CP114450.1_dnaA0_rlmHplus1Mbp	96.086	792	18	4	1	790	100565	99785	0.0	1279
IS431mec	GCF_038070245.1_NZ_CP114450.1_dnaA0_rlmHplus1Mbp	98.797	582	7	0	1	582	108927	108346	0.0	1037
IS431mec	GCF_047273405.1_NZ_CP178524.1_dnaA0_rlmHplus1Mbp	97.092	791	12	2	1	787	57065	57848	0.0	1323
IS431mec	GCF_047273405.1_NZ_CP178524.1_dnaA0_rlmHplus1Mbp	98.305	118	1	1	674	790	67807	67690	1.38e-51	206
IS431mec	GCF_047273405.1_NZ_CP178524.1_dnaA0_rlmHplus1Mbp	100.000	58	0	0	733	790	78120	78177	4.01e-22	108
IS431mec	GCF_029691915.1_NZ_CP121513.1_dnaA0_rlmHplus1Mbp	97.092	791	12	2	1	787	50011	50794	0.0	1323
IS431mec	GCF_029691915.1_NZ_CP121513.1_dnaA0_rlmHplus1Mbp	98.305	118	1	1	674	790	60753	60636	1.38e-51	206
IS431mec	GCF_029691915.1_NZ_CP121513.1_dnaA0_rlmHplus1Mbp	100.000	58	0	0	733	790	71066	71123	4.01e-22	108
IS431mec	GCF_029691795.1_NZ_CP121480.1_dnaA0_rlmHplus1Mbp	97.092	791	12	2	1	787	49913	50696	0.0	1323
IS431mec	GCF_029691795.1_NZ_CP121480.1_dnaA0_rlmHplus1Mbp	98.305	118	1	1	674	790	60643	60526	1.38e-51	206
IS431mec	GCF_029691795.1_NZ_CP121480.1_dnaA0_rlmHplus1Mbp	100.000	58	0	0	733	790	70956	71013	4.01e-22	108
IS431mec	GCF_029691725.1_NZ_CP121477.1_dnaA0_rlmHplus1Mbp	97.092	791	12	2	1	787	49910	50693	0.0	1323
IS431mec	GCF_029691725.1_NZ_CP121477.1_dnaA0_rlmHplus1Mbp	98.305	118	1	1	674	790	60652	60535	1.38e-51	206
IS431mec	GCF_029691725.1_NZ_CP121477.1_dnaA0_rlmHplus1Mbp	100.000	58	0	0	733	790	70964	71021	4.01e-22	108
IS431mec	GCF_029457595.1_NZ_CP120424.1_dnaA0_rlmHplus1Mbp	97.092	791	12	2	1	787	34978	35761	0.0	1323
IS431mec	GCF_029457595.1_NZ_CP120424.1_dnaA0_rlmHplus1Mbp	98.305	118	1	1	674	790	45720	45603	1.38e-51	206
IS431mec	GCF_029457595.1_NZ_CP120424.1_dnaA0_rlmHplus1Mbp	100.000	58	0	0	733	790	56033	56090	4.01e-22	108
IS431mec	GCF_009769125.1_NZ_CP043847.1_dnaA0_rlmHplus1Mbp	96.851	794	14	2	1	790	61518	60732	0.0	1317
IS431mec	GCF_009769125.1_NZ_CP043847.1_dnaA0_rlmHplus1Mbp	96.839	791	14	2	1	787	50107	50890	0.0	1312
IS431mec	GCF_009769125.1_NZ_CP043847.1_dnaA0_rlmHplus1Mbp	88.661	732	81	2	1	731	641870	641140	0.0	891
IS431mec	GCF_009769125.1_NZ_CP043847.1_dnaA0_rlmHplus1Mbp	88.661	732	81	2	1	731	642876	643606	0.0	891
IS431mec	GCF_009769125.1_NZ_CP043847.1_dnaA0_rlmHplus1Mbp	88.661	732	81	2	1	731	648118	648848	0.0	891
IS431mec	GCF_009769125.1_NZ_CP043847.1_dnaA0_rlmHplus1Mbp	88.661	732	81	2	1	731	659650	658920	0.0	891
IS431mec	GCF_009769125.1_NZ_CP043847.1_dnaA0_rlmHplus1Mbp	99.590	244	1	0	547	790	79097	78854	7.48e-124	446
IS431mec	GCF_900638695.1_NZ_LR134536.1_dnaA0_rlmHplus1Mbp	94.937	790	37	3	3	790	34406	33618	0.0	1234
IS431mec	GCF_011038575.1_NZ_CP035643.1_dnaA0_rlmHplus1Mbp	99.148	352	3	0	1	352	34290	34641	1.49e-180	634
IS431mec	GCF_001956655.1_NZ_CP018842.1_dnaA0_rlmHplus1Mbp	93.043	230	14	2	562	790	109538	109766	1.69e-90	335
IS431mec	GCF_042464745.1_NZ_CP170247.1_dnaA0_rlmHplus1Mbp	92.609	230	15	2	562	790	91774	92002	7.86e-89	329
IS431mec	GCF_042464725.1_NZ_CP170245.1_dnaA0_rlmHplus1Mbp	92.609	230	15	2	562	790	96841	97069	7.86e-89	329
IS431mec	GCF_002215535.1_NZ_CP022247.1_dnaA0_rlmHplus1Mbp	92.609	230	15	2	562	790	90851	91079	7.86e-89	329
IS431mec	GCF_029691835.1_NZ_CP121509.1_dnaA0_rlmHplus1Mbp	100.000	58	0	0	733	790	56498	56555	4.01e-22	108
IS431mec	GCF_026153315.1_NZ_CP110611.1_dnaA0_rlmHplus1Mbp	100.000	58	0	0	733	790	61985	62042	4.01e-22	108
IS431mec	GCF_000759555.1_NZ_CP009046.1_dnaA0_rlmHplus1Mbp	100.000	58	0	0	733	790	51325	51382	4.01e-22	108
